Content,Category,Label,Tokens,EventSequence
"<?xml version=""1.0""?><entry><log>success</log></entry>",xxe2,Normal,"['<', '?', 'xml', 'version', '=', '""', '1', '.', '0', '""', '?', '>', '<', 'entry', '>', '<', 'log', '>', 'success', '<', '/', 'log', '>', '<', '/', 'entry', '>']","[764, 767, 4633, 4522, 765, 2, 243, 14, 16, 2, 767, 766, 764, 2948, 766, 764, 3389, 766, 4160, 764, 15, 3389, 766, 764, 15, 2948, 766]"
"<?xml version=""1.0""?><log><message>started</message></log>",xxe2,Normal,"['<', '?', 'xml', 'version', '=', '""', '1', '.', '0', '""', '?', '>', '<', 'log', '>', '<', 'message', '>', 'started', '<', '/', 'message', '>', '<', '/', 'log', '>']","[764, 767, 4633, 4522, 765, 2, 243, 14, 16, 2, 767, 766, 764, 3389, 766, 764, 3457, 766, 4130, 764, 15, 3457, 766, 764, 15, 3389, 766]"
UPDATE accounts SET status='active' WHERE id=10;,sqli2,Normal,"['UPDATE', 'accounts', 'SET', 'status', '=', ""'"", 'active', ""'"", 'WHERE', 'id', '=', '10', ';']","[2099, 2425, 1907, 4136, 765, 7, 2430, 7, 2191, 3215, 765, 244, 763]"
"<?xml version=""1.0""?><tools><enabled>true</enabled></tools>",xxe2,Normal,"['<', '?', 'xml', 'version', '=', '""', '1', '.', '0', '""', '?', '>', '<', 'tools', '>', '<', 'enabled', '>', 'true', '<', '/', 'enabled', '>', '<', '/', 'tools', '>']","[764, 767, 4633, 4522, 765, 2, 243, 14, 16, 2, 767, 766, 764, 4280, 766, 764, 2936, 766, 4290, 764, 15, 2936, 766, 764, 15, 4280, 766]"
/user/profile/avatar.jpg,traversal2,Normal,"['/', 'user', '/', 'profile', '/', 'avatar', '.', 'jpg']","[15, 4476, 15, 3856, 15, 2560, 14, 3308]"
SELECT * FROM stock WHERE available = true;,sqli2,Normal,"['SELECT', '*', 'FROM', 'stock', 'WHERE', 'available', '=', 'true', ';']","[1905, 10, 1212, 4139, 2191, 2559, 765, 4290, 763]"
"{""event"":""check-in"",""status"":""valid""}",log4shell2,Normal,"['{', '""', 'event', '""', ':', '""', 'check', '-', 'in', '""', ',', '""', 'status', '""', ':', '""', 'valid', '""', '}']","[4681, 2, 2968, 2, 762, 2, 2676, 13, 3230, 2, 12, 2, 4136, 2, 762, 2, 4506, 2, 4683]"
"<?xml version = ""1.0""?><userInfo><firstName>John</firstName><lastName>Doe</lastName></userInfo>",xxe2,Normal,"['<', '?', 'xml', 'version', '=', '""', '1', '.', '0', '""', '?', '>', '<', 'userInfo', '>', '<', 'firstName', '>', 'John', '<', '/', 'firstName', '>', '<', 'lastName', '>', 'Doe', '<', '/', 'lastName', '>', '<', '/', 'userInfo', '>']","[764, 767, 4633, 4522, 765, 2, 243, 14, 16, 2, 767, 766, 764, 4481, 766, 764, 3045, 766, 1449, 764, 15, 3045, 766, 764, 3343, 766, 1102, 764, 15, 3343, 766, 764, 15, 4481, 766]"
"<?xml version=""1.0""?><setting><option>on</option></setting>",xxe2,Normal,"['<', '?', 'xml', 'version', '=', '""', '1', '.', '0', '""', '?', '>', '<', 'setting', '>', '<', 'option', '>', 'on', '<', '/', 'option', '>', '<', '/', 'setting', '>']","[764, 767, 4633, 4522, 765, 2, 243, 14, 16, 2, 767, 766, 764, 4063, 766, 764, 3734, 766, 3579, 764, 15, 3734, 766, 764, 15, 4063, 766]"
Autosave active,xss2,Normal,"['Autosave', 'active']","[854, 2430]"
lsattr -d /etc/passwd,cmdexe2,Normal,"['lsattr', '-', 'd', '/', 'etc', '/', 'passwd']","[3423, 13, 2793, 15, 2965, 15, 3770]"
SELECT * FROM activity_log;,sqli2,Normal,"['SELECT', '*', 'FROM', 'activity_log', ';']","[1905, 10, 1212, 2432, 763]"
"<?xml version=""1.0""?><role><name>staff</name></role>",xxe2,Normal,"['<', '?', 'xml', 'version', '=', '""', '1', '.', '0', '""', '?', '>', '<', 'role', '>', '<', 'name', '>', 'staff', '<', '/', 'name', '>', '<', '/', 'role', '>']","[764, 767, 4633, 4522, 765, 2, 243, 14, 16, 2, 767, 766, 764, 3968, 766, 764, 3512, 766, 4124, 764, 15, 3512, 766, 764, 15, 3968, 766]"
database.js,traversal2,Normal,"['database', '.', 'js']","[2809, 14, 3310]"
Your settings have been saved,xss2,Normal,"['Your', 'settings', 'have', 'been', 'saved']","[2316, 4064, 3150, 2594, 4007]"
"<?xml version=""1.0""?><monitor><value>good</value></monitor>",xxe2,Normal,"['<', '?', 'xml', 'version', '=', '""', '1', '.', '0', '""', '?', '>', '<', 'monitor', '>', '<', 'value', '>', 'good', '<', '/', 'value', '>', '<', '/', 'monitor', '>']","[764, 767, 4633, 4522, 765, 2, 243, 14, 16, 2, 767, 766, 764, 3481, 766, 764, 4513, 766, 3117, 764, 15, 4513, 766, 764, 15, 3481, 766]"
whoami,cmdexe2,Normal,['whoami'],[4572]
ping -c 4 8.8.8.8,cmdexe2,Normal,"['ping', '-', 'c', '4', '8', '.', '8', '.', '8', '.', '8']","[3815, 13, 2636, 596, 695, 14, 695, 14, 695, 14, 695]"
Item added to cart,xss2,Normal,"['Item', 'added', 'to', 'cart']","[1410, 2434, 4268, 2655]"
getent passwd,cmdexe2,Normal,"['getent', 'passwd']","[3110, 3770]"
Page loaded,xss2,Normal,"['Page', 'loaded']","[1779, 3380]"
"<?xml version=""1.0""?><api><status>healthy</status></api>",xxe2,Normal,"['<', '?', 'xml', 'version', '=', '""', '1', '.', '0', '""', '?', '>', '<', 'api', '>', '<', 'status', '>', 'healthy', '<', '/', 'status', '>', '<', '/', 'api', '>']","[764, 767, 4633, 4522, 765, 2, 243, 14, 16, 2, 767, 766, 764, 2505, 766, 764, 4136, 766, 3161, 764, 15, 4136, 766, 764, 15, 2505, 766]"
I have an issue with my password,traversal2,Normal,"['I', 'have', 'an', 'issue', 'with', 'my', 'password']","[1337, 3150, 2489, 3278, 4580, 3498, 3772]"
"<?xml version=""1.0""?><employee><id>100</id><status>present</status></employee>",xxe2,Normal,"['<', '?', 'xml', 'version', '=', '""', '1', '.', '0', '""', '?', '>', '<', 'employee', '>', '<', 'id', '>', '100', '<', '/', 'id', '>', '<', 'status', '>', 'present', '<', '/', 'status', '>', '<', '/', 'employee', '>']","[764, 767, 4633, 4522, 765, 2, 243, 14, 16, 2, 767, 766, 764, 2932, 766, 764, 3215, 766, 245, 764, 15, 3215, 766, 764, 4136, 766, 3841, 764, 15, 4136, 766, 764, 15, 2932, 766]"
rm -rf /var/tmp/cache,cmdexe2,Normal,"['rm', '-', 'rf', '/', 'var', '/', 'tmp', '/', 'cache']","[3963, 13, 3956, 15, 4514, 15, 4266, 15, 2645]"
SELECT * FROM backups WHERE status='complete';,sqli2,Normal,"['SELECT', '*', 'FROM', 'backups', 'WHERE', 'status', '=', ""'"", 'complete', ""'"", ';']","[1905, 10, 1212, 2570, 2191, 4136, 765, 7, 2730, 7, 763]"
"<?xml version=""1.0""?><api><ready>true</ready></api>",xxe2,Normal,"['<', '?', 'xml', 'version', '=', '""', '1', '.', '0', '""', '?', '>', '<', 'api', '>', '<', 'ready', '>', 'true', '<', '/', 'ready', '>', '<', '/', 'api', '>']","[764, 767, 4633, 4522, 765, 2, 243, 14, 16, 2, 767, 766, 764, 2505, 766, 764, 3916, 766, 4290, 764, 15, 3916, 766, 764, 15, 2505, 766]"
"<?xml version=""1.0""?><monitor><status>OK</status></monitor>",xxe2,Normal,"['<', '?', 'xml', 'version', '=', '""', '1', '.', '0', '""', '?', '>', '<', 'monitor', '>', '<', 'status', '>', 'OK', '<', '/', 'status', '>', '<', '/', 'monitor', '>']","[764, 767, 4633, 4522, 765, 2, 243, 14, 16, 2, 767, 766, 764, 3481, 766, 764, 4136, 766, 1685, 764, 15, 4136, 766, 764, 15, 3481, 766]"
You seem very interested in history,cmdexe2,Normal,"['You', 'seem', 'very', 'interested', 'in', 'history']","[2315, 4041, 4528, 3260, 3230, 3179]"
wget http://example.com/file.txt,cmdexe2,Normal,"['wget', 'http', ':', '/', '/', 'example', '.', 'com', '/', 'file', '.', 'txt']","[4566, 3203, 762, 15, 15, 2976, 14, 2724, 15, 3034, 14, 4297]"
groups,cmdexe2,Normal,['groups'],[3132]
"<?xml version=""1.0""?><dashboard><status>active</status></dashboard>",xxe2,Normal,"['<', '?', 'xml', 'version', '=', '""', '1', '.', '0', '""', '?', '>', '<', 'dashboard', '>', '<', 'status', '>', 'active', '<', '/', 'status', '>', '<', '/', 'dashboard', '>']","[764, 767, 4633, 4522, 765, 2, 243, 14, 16, 2, 767, 766, 764, 2801, 766, 764, 4136, 766, 2430, 764, 15, 4136, 766, 764, 15, 2801, 766]"
"<?xml version=""1.0""?><data><value>none</value></data>",xxe2,Normal,"['<', '?', 'xml', 'version', '=', '""', '1', '.', '0', '""', '?', '>', '<', 'data', '>', '<', 'value', '>', 'none', '<', '/', 'value', '>', '<', '/', 'data', '>']","[764, 767, 4633, 4522, 765, 2, 243, 14, 16, 2, 767, 766, 764, 2803, 766, 764, 4513, 766, 3542, 764, 15, 4513, 766, 764, 15, 2803, 766]"
getent group sudo,cmdexe2,Normal,"['getent', 'group', 'sudo']","[3110, 3129, 4164]"
clearly()not{ shell:shock;},shellshock2,Normal,"['clearly', '(', ')', 'not', '{', 'shell', ':', 'shock', ';', '}']","[2698, 8, 9, 3546, 4681, 4074, 762, 4078, 763, 4683]"
test&usr=subject;-,cmdexe2,Normal,"['test', '&', 'usr', '=', 'subject', ';', '-']","[4234, 6, 4493, 765, 4153, 763, 13]"
"echo ""Health Check Passed""",cmdexe2,Normal,"['echo', '""', 'Health', 'Check', 'Passed', '""']","[2909, 2, 1328, 1010, 1782, 2]"
SELECT * FROM roles WHERE active=true;,sqli2,Normal,"['SELECT', '*', 'FROM', 'roles', 'WHERE', 'active', '=', 'true', ';']","[1905, 10, 1212, 3970, 2191, 2430, 765, 4290, 763]"
"{""message"":""authentication passed""}",log4shell2,Normal,"['{', '""', 'message', '""', ':', '""', 'authentication', 'passed', '""', '}']","[4681, 2, 3457, 2, 762, 2, 2551, 3768, 2, 4683]"
"{""log"":""background job started""}",log4shell2,Normal,"['{', '""', 'log', '""', ':', '""', 'background', 'job', 'started', '""', '}']","[4681, 2, 3389, 2, 762, 2, 2567, 3304, 4130, 2, 4683]"
"SELECT id, role FROM staff WHERE department='IT';",sqli2,Normal,"['SELECT', 'id', ',', 'role', 'FROM', 'staff', 'WHERE', 'department', '=', ""'"", 'IT', ""'"", ';']","[1905, 3215, 12, 3968, 1212, 4124, 2191, 2838, 765, 7, 1385, 7, 763]"
Form validation passed,xss2,Normal,"['Form', 'validation', 'passed']","[1225, 4507, 3768]"
time he came.,cmdexe2,Normal,"['time', 'he', 'came', '.']","[4258, 3155, 2651, 14]"
"<?xml version=""1.0""?><task><completed>true</completed></task>",xxe2,Normal,"['<', '?', 'xml', 'version', '=', '""', '1', '.', '0', '""', '?', '>', '<', 'task', '>', '<', 'completed', '>', 'true', '<', '/', 'completed', '>', '<', '/', 'task', '>']","[764, 767, 4633, 4522, 765, 2, 243, 14, 16, 2, 767, 766, 764, 4216, 766, 764, 2731, 766, 4290, 764, 15, 2731, 766, 764, 15, 4216, 766]"
df -T,cmdexe2,Normal,"['df', '-', 'T']","[2848, 13, 1995]"
uptime,cmdexe2,Normal,['uptime'],[4469]
uptime,cmdexe2,Normal,['uptime'],[4469]
SELECT COUNT(*) FROM visits;,sqli2,Normal,"['SELECT', 'COUNT', '(', '*', ')', 'FROM', 'visits', ';']","[1905, 969, 8, 10, 9, 1212, 4539, 763]"
"<?xml version=""1.0""?><record><updated>true</updated></record>",xxe2,Normal,"['<', '?', 'xml', 'version', '=', '""', '1', '.', '0', '""', '?', '>', '<', 'record', '>', '<', 'updated', '>', 'true', '<', '/', 'updated', '>', '<', '/', 'record', '>']","[764, 767, 4633, 4522, 765, 2, 243, 14, 16, 2, 767, 766, 764, 3919, 766, 764, 4462, 766, 4290, 764, 15, 4462, 766, 764, 15, 3919, 766]"
ping -c 2 1.1.1.1,cmdexe2,Normal,"['ping', '-', 'c', '2', '1', '.', '1', '.', '1', '.', '1']","[3815, 13, 2636, 345, 243, 14, 243, 14, 243, 14, 243]"
"<?xml version=""1.0""?><database><status>active</status></database>",xxe2,Normal,"['<', '?', 'xml', 'version', '=', '""', '1', '.', '0', '""', '?', '>', '<', 'database', '>', '<', 'status', '>', 'active', '<', '/', 'status', '>', '<', '/', 'database', '>']","[764, 767, 4633, 4522, 765, 2, 243, 14, 16, 2, 767, 766, 764, 2809, 766, 764, 4136, 766, 2430, 764, 15, 4136, 766, 764, 15, 2809, 766]"
"{""session_id"":""xyz123"",""authenticated"":true}",log4shell2,Normal,"['{', '""', 'session_id', '""', ':', '""', 'xyz123', '""', ',', '""', 'authenticated', '""', ':', 'true', '}']","[4681, 2, 4056, 2, 762, 2, 4658, 2, 12, 2, 2550, 2, 762, 4290, 4683]"
Can you confirm this?,xss2,Normal,"['Can', 'you', 'confirm', 'this', '?']","[1007, 4668, 2739, 4253, 767]"
Suggestions loaded,xss2,Normal,"['Suggestions', 'loaded']","[1989, 3380]"
"{""response"":""authorized""}",log4shell2,Normal,"['{', '""', 'response', '""', ':', '""', 'authorized', '""', '}']","[4681, 2, 3944, 2, 762, 2, 2552, 2, 4683]"
"<?xml version=""1.0""?><log><details>cleared</details></log>",xxe2,Normal,"['<', '?', 'xml', 'version', '=', '""', '1', '.', '0', '""', '?', '>', '<', 'log', '>', '<', 'details', '>', 'cleared', '<', '/', 'details', '>', '<', '/', 'log', '>']","[764, 767, 4633, 4522, 765, 2, 243, 14, 16, 2, 767, 766, 764, 3389, 766, 764, 2842, 766, 2697, 764, 15, 2842, 766, 764, 15, 3389, 766]"
Font size updated,xss2,Normal,"['Font', 'size', 'updated']","[1223, 4086, 4462]"
/pages/homepage.html,traversal2,Normal,"['/', 'pages', '/', 'homepage', '.', 'html']","[15, 3755, 15, 3183, 14, 3198]"
I would like to :hosts the :scenario please.,cmdexe2,Normal,"['I', 'would', 'like', 'to', ':', 'hosts', 'the', ':', 'scenario', 'please', '.']","[1337, 4586, 3366, 4268, 762, 3188, 4244, 762, 4016, 3822, 14]"
"{""endpoint"":""/api/user"",""result"":""ok""}",log4shell2,Normal,"['{', '""', 'endpoint', '""', ':', '""', '/', 'api', '/', 'user', '""', ',', '""', 'result', '""', ':', '""', 'ok', '""', '}']","[4681, 2, 2944, 2, 762, 2, 15, 2505, 15, 4476, 2, 12, 2, 3950, 2, 762, 2, 3574, 2, 4683]"
Message sent,xss2,Normal,"['Message', 'sent']","[1612, 4047]"
/files/data.csv,traversal2,Normal,"['/', 'files', '/', 'data', '.', 'csv']","[15, 3035, 15, 2803, 14, 2781]"
SELECT CURRENT_DATE;,sqli2,Normal,"['SELECT', 'CURRENT_DATE', ';']","[1905, 989, 763]"
/public/jquery.js,traversal2,Normal,"['/', 'public', '/', 'jquery', '.', 'js']","[15, 3874, 15, 3309, 14, 3310]"
The parameter 5 is&|.,cmdexe2,Normal,"['The', 'parameter', '5', 'is', '&', '|', '.']","[2053, 3760, 627, 3275, 6, 4682, 14]"
echo in the mirror,cmdexe2,Normal,"['echo', 'in', 'the', 'mirror']","[2909, 3230, 4244, 3471]"
"INSERT INTO logs (event, timestamp) VALUES ('start', NOW());",sqli2,Normal,"['INSERT', 'INTO', 'logs', '(', 'event', ',', 'timestamp', ')', 'VALUES', '(', ""'"", 'start', ""'"", ',', 'NOW', '(', ')', ')', ';']","[1374, 1378, 3403, 8, 2968, 12, 4262, 9, 2136, 8, 7, 4128, 7, 12, 1645, 8, 9, 9, 763]"
I would like to see a list of drivers sorted in reverse order.,cmdexe2,Normal,"['I', 'would', 'like', 'to', 'see', 'a', 'list', 'of', 'drivers', 'sorted', 'in', 'reverse', 'order', '.']","[1337, 4586, 3366, 4268, 4040, 2394, 3372, 3570, 2889, 4106, 3230, 3955, 3738, 14]"
"<?xml version=""1.0""?><activity><user>charlie</user></activity>",xxe2,Normal,"['<', '?', 'xml', 'version', '=', '""', '1', '.', '0', '""', '?', '>', '<', 'activity', '>', '<', 'user', '>', 'charlie', '<', '/', 'user', '>', '<', '/', 'activity', '>']","[764, 767, 4633, 4522, 765, 2, 243, 14, 16, 2, 767, 766, 764, 2431, 766, 764, 4476, 766, 2675, 764, 15, 4476, 766, 764, 15, 2431, 766]"
"<?xml version=""1.0""?><settings><notifications>true</notifications></settings>",xxe2,Normal,"['<', '?', 'xml', 'version', '=', '""', '1', '.', '0', '""', '?', '>', '<', 'settings', '>', '<', 'notifications', '>', 'true', '<', '/', 'notifications', '>', '<', '/', 'settings', '>']","[764, 767, 4633, 4522, 765, 2, 243, 14, 16, 2, 767, 766, 764, 4064, 766, 764, 3551, 766, 4290, 764, 15, 3551, 766, 764, 15, 4064, 766]"
/downloads/patch.zip,traversal2,Normal,"['/', 'downloads', '/', 'patch', '.', 'zip']","[15, 2885, 15, 3775, 14, 4675]"
I would like to request the width of the :.conf file.,cmdexe2,Normal,"['I', 'would', 'like', 'to', 'request', 'the', 'width', 'of', 'the', ':', '.', 'conf', 'file', '.']","[1337, 4586, 3366, 4268, 3936, 4244, 4573, 3570, 4244, 762, 14, 2735, 3034, 14]"
lsmod,cmdexe2,Normal,['lsmod'],[3425]
"{""user"":""developer"",""rights"":""edit""}",log4shell2,Normal,"['{', '""', 'user', '""', ':', '""', 'developer', '""', ',', '""', 'rights', '""', ':', '""', 'edit', '""', '}']","[4681, 2, 4476, 2, 762, 2, 2845, 2, 12, 2, 3961, 2, 762, 2, 2911, 2, 4683]"
/logs/2023-03-01.log,traversal2,Normal,"['/', 'logs', '/', '2023', '-', '03', '-', '01', '.', 'log']","[15, 3403, 15, 354, 13, 47, 13, 35, 14, 3389]"
date,cmdexe2,Normal,['date'],[2816]
"{""request_type"":""status_check""}",log4shell2,Normal,"['{', '""', 'request_type', '""', ':', '""', 'status_check', '""', '}']","[4681, 2, 3939, 2, 762, 2, 4137, 2, 4683]"
#simple style=) hee hee,xss2,Normal,"['#', 'simple', 'style', '=', ')', 'hee', 'hee']","[3, 4083, 4149, 765, 9, 3164, 3164]"
SELECT * FROM sessions;,sqli2,Normal,"['SELECT', '*', 'FROM', 'sessions', ';']","[1905, 10, 1212, 4058, 763]"
/icons/app-icon.png,traversal2,Normal,"['/', 'icons', '/', 'app', '-', 'icon', '.', 'png']","[15, 3214, 15, 2507, 13, 3213, 14, 3823]"
SELECT id FROM tracking_data;,sqli2,Normal,"['SELECT', 'id', 'FROM', 'tracking_data', ';']","[1905, 3215, 1212, 4286, 763]"
I would like to request a session excluding tariff data with the following parameters: excludeTariffData:_,xss2,Normal,"['I', 'would', 'like', 'to', 'request', 'a', 'session', 'excluding', 'tariff', 'data', 'with', 'the', 'following', 'parameters', ':', 'excludeTariffData', ':', '_']","[1337, 4586, 3366, 4268, 3936, 2394, 4055, 2979, 4214, 2803, 4580, 4244, 3058, 3762, 762, 2978, 762, 2351]"
/export/report.pdf,traversal2,Normal,"['/', 'export', '/', 'report', '.', 'pdf']","[15, 2993, 15, 3933, 14, 3790]"
I would like to request the bin with app_id: (],cmdexe2,Normal,"['I', 'would', 'like', 'to', 'request', 'the', 'bin', 'with', 'app_id', ':', '(', ']']","[1337, 4586, 3366, 4268, 3936, 4244, 2607, 4580, 2508, 762, 8, 2349]"
"<?xml version=""1.0""?><auth><level>high</level></auth>",xxe2,Normal,"['<', '?', 'xml', 'version', '=', '""', '1', '.', '0', '""', '?', '>', '<', 'auth', '>', '<', 'level', '>', 'high', '<', '/', 'level', '>', '<', '/', 'auth', '>']","[764, 767, 4633, 4522, 765, 2, 243, 14, 16, 2, 767, 766, 764, 2545, 766, 764, 3356, 766, 3177, 764, 15, 3356, 766, 764, 15, 2545, 766]"
I would like to request information about the width of the time parameter.,cmdexe2,Normal,"['I', 'would', 'like', 'to', 'request', 'information', 'about', 'the', 'width', 'of', 'the', 'time', 'parameter', '.']","[1337, 4586, 3366, 4268, 3936, 3242, 2411, 4244, 4573, 3570, 4244, 4258, 3760, 14]"
"{""user_activity"":""normal""}",log4shell2,Normal,"['{', '""', 'user_activity', '""', ':', '""', 'normal', '""', '}']","[4681, 2, 4483, 2, 762, 2, 3544, 2, 4683]"
"{""user"":""admin"",""status"":""active""}",log4shell2,Normal,"['{', '""', 'user', '""', ':', '""', 'admin', '""', ',', '""', 'status', '""', ':', '""', 'active', '""', '}']","[4681, 2, 4476, 2, 762, 2, 2440, 2, 12, 2, 4136, 2, 762, 2, 2430, 2, 4683]"
hostname,cmdexe2,Normal,['hostname'],[3187]
"<?xml version=""1.0""?><account><status>verified</status></account>",xxe2,Normal,"['<', '?', 'xml', 'version', '=', '""', '1', '.', '0', '""', '?', '>', '<', 'account', '>', '<', 'status', '>', 'verified', '<', '/', 'status', '>', '<', '/', 'account', '>']","[764, 767, 4633, 4522, 765, 2, 243, 14, 16, 2, 767, 766, 764, 2424, 766, 764, 4136, 766, 4521, 764, 15, 4136, 766, 764, 15, 2424, 766]"
/videos/demo.mp4,traversal2,Normal,"['/', 'videos', '/', 'demo', '.', 'mp4']","[15, 4533, 15, 2837, 14, 3490]"
DELETE 75oBC$,cmdexe2,Normal,"['DELETE', '75oBC', '$']","[1053, 685, 4]"
Language changed,xss2,Normal,"['Language', 'changed']","[1544, 2670]"
now our team at rmi helps smart companies to lower their java consume,log4shell2,Normal,"['now', 'our', 'team', 'at', 'rmi', 'helps', 'smart', 'companies', 'to', 'lower', 'their', 'java', 'consume']","[3554, 3742, 4225, 2536, 3964, 3170, 4094, 2728, 4268, 3419, 4246, 3295, 2752]"
/status/healthcheck,traversal2,Normal,"['/', 'status', '/', 'healthcheck']","[15, 4136, 15, 3160]"
/logs/app.log,traversal2,Normal,"['/', 'logs', '/', 'app', '.', 'log']","[15, 3403, 15, 2507, 14, 3389]"
SELECT * FROM event_log;,sqli2,Normal,"['SELECT', '*', 'FROM', 'event_log', ';']","[1905, 10, 1212, 2969, 763]"
"<?xml version=""1.0""?><session><status>active</status></session>",xxe2,Normal,"['<', '?', 'xml', 'version', '=', '""', '1', '.', '0', '""', '?', '>', '<', 'session', '>', '<', 'status', '>', 'active', '<', '/', 'status', '>', '<', '/', 'session', '>']","[764, 767, 4633, 4522, 765, 2, 243, 14, 16, 2, 767, 766, 764, 4055, 766, 764, 4136, 766, 2430, 764, 15, 4136, 766, 764, 15, 4055, 766]"
top -n 1,cmdexe2,Normal,"['top', '-', 'n', '1']","[4281, 13, 3505, 243]"
Widget initialized,xss2,Normal,"['Widget', 'initialized']","[2220, 3247]"
"{""event"":""login"",""result"":""success""}",log4shell2,Normal,"['{', '""', 'event', '""', ':', '""', 'login', '""', ',', '""', 'result', '""', ':', '""', 'success', '""', '}']","[4681, 2, 2968, 2, 762, 2, 3395, 2, 12, 2, 3950, 2, 762, 2, 4160, 2, 4683]"
No errors detected,xss2,Normal,"['No', 'errors', 'detected']","[1671, 2959, 2843]"
/js/app.js,traversal2,Normal,"['/', 'js', '/', 'app', '.', 'js']","[15, 3310, 15, 2507, 14, 3310]"
and &IN=color&=,cmdexe2,Normal,"['and', '&', 'IN', '=', 'color', '&', '=']","[2492, 6, 1368, 765, 2715, 6, 765]"
"<?xml version=""1.0""?><session><active>true</active></session>",xxe2,Normal,"['<', '?', 'xml', 'version', '=', '""', '1', '.', '0', '""', '?', '>', '<', 'session', '>', '<', 'active', '>', 'true', '<', '/', 'active', '>', '<', '/', 'session', '>']","[764, 767, 4633, 4522, 765, 2, 243, 14, 16, 2, 767, 766, 764, 4055, 766, 764, 2430, 766, 4290, 764, 15, 2430, 766, 764, 15, 4055, 766]"
/sitemap.xml,traversal2,Normal,"['/', 'sitemap', '.', 'xml']","[15, 4085, 14, 4633]"
"{""auth_result"":""approved""}",log4shell2,Normal,"['{', '""', 'auth_result', '""', ':', '""', 'approved', '""', '}']","[4681, 2, 2546, 2, 762, 2, 2515, 2, 4683]"
/documents/guide.docx,traversal2,Normal,"['/', 'documents', '/', 'guide', '.', 'docx']","[15, 2876, 15, 3135, 14, 2877]"
/pages/terms.html,traversal2,Normal,"['/', 'pages', '/', 'terms', '.', 'html']","[15, 3755, 15, 4233, 14, 3198]"
"{""token"":""refreshed"",""expires_in"":3600}",log4shell2,Normal,"['{', '""', 'token', '""', ':', '""', 'refreshed', '""', ',', '""', 'expires_in', '""', ':', '3600', '}']","[4681, 2, 4271, 2, 762, 2, 3925, 2, 12, 2, 2992, 2, 762, 583, 4683]"
"{""event"":""logout"",""success"":true}",log4shell2,Normal,"['{', '""', 'event', '""', ':', '""', 'logout', '""', ',', '""', 'success', '""', ':', 'true', '}']","[4681, 2, 2968, 2, 762, 2, 3401, 2, 12, 2, 4160, 2, 762, 4290, 4683]"
"// tables on home page, such as recent best, recent worst, etc",sqli2,Normal,"['/', '/', 'tables', 'on', 'home', 'page', ',', 'such', 'as', 'recent', 'best', ',', 'recent', 'worst', ',', 'etc']","[15, 15, 4208, 3579, 3181, 3754, 12, 4163, 2523, 3918, 2600, 12, 3918, 4585, 12, 2965]"
"<?xml version = ""1.0""?><SOAP-ENV:Envelope xmlns:SOAP-ENV = ""http://www.w3.org/2001/12/soap-envelope"" SOAP-ENV:encodingStyle = ""http://www.w3.org/2001/12/soap-encoding""><SOAP-ENV:Body xmlns:m = ""http://www.xyz.org/quotations""><m:GetQuotation><m:QuotationsName>External Entities for dummies</m:QuotationsName></m:GetQuotation></SOAP-ENV:Body></SOAP-ENV:Envelope>",xxe2,Normal,"['<', '?', 'xml', 'version', '=', '""', '1', '.', '0', '""', '?', '>', '<', 'SOAP', '-', 'ENV', ':', 'Envelope', 'xmlns', ':', 'SOAP', '-', 'ENV', '=', '""', 'http', ':', '/', '/', 'www', '.', 'w3', '.', 'org', '/', '2001', '/', '12', '/', 'soap', '-', 'envelope', '""', 'SOAP', '-', 'ENV', ':', 'encodingStyle', '=', '""', 'http', ':', '/', '/', 'www', '.', 'w3', '.', 'org', '/', '2001', '/', '12', '/', 'soap', '-', 'encoding', '""', '>', '<', 'SOAP', '-', 'ENV', ':', 'Body', 'xmlns', ':', 'm', '=', '""', 'http', ':', '/', '/', 'www', '.', 'xyz', '.', 'org', '/', 'quotations', '""', '>', '<', 'm', ':', 'GetQuotation', '>', '<', 'm', ':', 'QuotationsName', '>', 'External', 'Entities', 'for', 'dummies', '<', '/', 'm', ':', 'QuotationsName', '>', '<', '/', 'm', ':', 'GetQuotation', '>', '<', '/', 'SOAP', '-', 'ENV', ':', 'Body', '>', '<', '/', 'SOAP', '-', 'ENV', ':', 'Envelope', '>']","[764, 767, 4633, 4522, 765, 2, 243, 14, 16, 2, 767, 766, 764, 1926, 13, 1141, 762, 1176, 4636, 762, 1926, 13, 1141, 765, 2, 3203, 762, 15, 15, 4592, 14, 4546, 14, 3740, 15, 351, 15, 279, 15, 4097, 13, 2950, 2, 1926, 13, 1141, 762, 2940, 765, 2, 3203, 762, 15, 15, 4592, 14, 4546, 14, 3740, 15, 351, 15, 279, 15, 4097, 13, 2939, 2, 766, 764, 1926, 13, 1141, 762, 922, 4636, 762, 3429, 765, 2, 3203, 762, 15, 15, 4592, 14, 4657, 14, 3740, 15, 3901, 2, 766, 764, 3429, 762, 1275, 766, 764, 3429, 762, 1828, 766, 1182, 1175, 3064, 2899, 764, 15, 3429, 762, 1828, 766, 764, 15, 3429, 762, 1275, 766, 764, 15, 1926, 13, 1141, 762, 922, 766, 764, 15, 1926, 13, 1141, 762, 1176, 766]"
nc 8000 controller,cmdexe2,Normal,"['nc', '8000', 'controller']","[3517, 697, 2760]"
/config.asp,traversal2,Normal,"['/', 'config', '.', 'asp']","[15, 2737, 14, 2532]"
curl -I https://example.com,cmdexe2,Normal,"['curl', '-', 'I', 'https', ':', '/', '/', 'example', '.', 'com']","[2782, 13, 1337, 3205, 762, 15, 15, 2976, 14, 2724]"
du -ah /home/user,cmdexe2,Normal,"['du', '-', 'ah', '/', 'home', '/', 'user']","[2897, 13, 2465, 15, 3181, 15, 4476]"
SELECT COUNT(*) FROM billing;,sqli2,Normal,"['SELECT', 'COUNT', '(', '*', ')', 'FROM', 'billing', ';']","[1905, 969, 8, 10, 9, 1212, 2605, 763]"
/public/status.xml,traversal2,Normal,"['/', 'public', '/', 'status', '.', 'xml']","[15, 3874, 15, 4136, 14, 4633]"
/home/main.html,traversal2,Normal,"['/', 'home', '/', 'main', '.', 'html']","[15, 3181, 15, 3434, 14, 3198]"
"{""service"":""ready""}",log4shell2,Normal,"['{', '""', 'service', '""', ':', '""', 'ready', '""', '}']","[4681, 2, 4050, 2, 762, 2, 3916, 2, 4683]"
"{""user_action"":""updated_profile""}",log4shell2,Normal,"['{', '""', 'user_action', '""', ':', '""', 'updated_profile', '""', '}']","[4681, 2, 4482, 2, 762, 2, 4463, 2, 4683]"
curl -s https://test.com,cmdexe2,Normal,"['curl', '-', 's', 'https', ':', '/', '/', 'test', '.', 'com']","[2782, 13, 3989, 3205, 762, 15, 15, 4234, 14, 2724]"
/assets/fonts/roboto.ttf,traversal2,Normal,"['/', 'assets', '/', 'fonts', '/', 'roboto', '.', 'ttf']","[15, 2533, 15, 3060, 15, 3965, 14, 4294]"
SELECT user();,sqli2,Normal,"['SELECT', 'user', '(', ')', ';']","[1905, 4476, 8, 9, 763]"
"{""connection"":""secure"",""port"":443}",log4shell2,Normal,"['{', '""', 'connection', '""', ':', '""', 'secure', '""', ',', '""', 'port', '""', ':', '443', '}']","[4681, 2, 2747, 2, 762, 2, 4038, 2, 12, 2, 3828, 2, 762, 606, 4683]"
I would like to request information about the address: (#)saddr for the next minute.,cmdexe2,Normal,"['I', 'would', 'like', 'to', 'request', 'information', 'about', 'the', 'address', ':', '(', '#', ')', 'saddr', 'for', 'the', 'next', 'minute', '.']","[1337, 4586, 3366, 4268, 3936, 3242, 2411, 4244, 2436, 762, 8, 3, 9, 4000, 3064, 4244, 3528, 3470, 14]"
I would like the information for EJ% please.,cmdexe2,Normal,"['I', 'would', 'like', 'the', 'information', 'for', 'EJ', '%', 'please', '.']","[1337, 4586, 3366, 4244, 3242, 3064, 1128, 5, 3822, 14]"
"{""monitor"":""running"",""check"":""ok""}",log4shell2,Normal,"['{', '""', 'monitor', '""', ':', '""', 'running', '""', ',', '""', 'check', '""', ':', '""', 'ok', '""', '}']","[4681, 2, 3481, 2, 762, 2, 3984, 2, 12, 2, 2676, 2, 762, 2, 3574, 2, 4683]"
Oxygen & Sleep Associates Inc,cmdexe2,Normal,"['Oxygen', '&', 'Sleep', 'Associates', 'Inc']","[1727, 6, 1982, 849, 1404]"
"<?xml version=""1.0""?><config><type>json</type></config>",xxe2,Normal,"['<', '?', 'xml', 'version', '=', '""', '1', '.', '0', '""', '?', '>', '<', 'config', '>', '<', 'type', '>', 'json', '<', '/', 'type', '>', '<', '/', 'config', '>']","[764, 767, 4633, 4522, 765, 2, 243, 14, 16, 2, 767, 766, 764, 2737, 766, 764, 4298, 766, 3312, 764, 15, 4298, 766, 764, 15, 2737, 766]"
"{""username"":""charlie"",""group"":""staff""}",log4shell2,Normal,"['{', '""', 'username', '""', ':', '""', 'charlie', '""', ',', '""', 'group', '""', ':', '""', 'staff', '""', '}']","[4681, 2, 4491, 2, 762, 2, 2675, 2, 12, 2, 3129, 2, 762, 2, 4124, 2, 4683]"
ifconfig -a,cmdexe2,Normal,"['ifconfig', '-', 'a']","[3221, 13, 2394]"
DESCRIBE orders;,sqli2,Normal,"['DESCRIBE', 'orders', ';']","[1055, 3739, 763]"
New message received,xss2,Normal,"['New', 'message', 'received']","[1667, 3457, 3917]"
zsh is the best!,cmdexe2,Normal,"['zsh', 'is', 'the', 'best', '!']","[4680, 3275, 4244, 2600, 1]"
The game plan was right. We just didn't follow the script,xss2,Normal,"['The', 'game', 'plan', 'was', 'right', '.', 'We', 'just', 'didn', ""'"", 't', 'follow', 'the', 'script']","[2053, 3097, 3821, 4555, 3959, 14, 2217, 3316, 2853, 7, 4194, 3057, 4244, 4025]"
"<?xml version=""1.0""?><event><type>normal</type></event>",xxe2,Normal,"['<', '?', 'xml', 'version', '=', '""', '1', '.', '0', '""', '?', '>', '<', 'event', '>', '<', 'type', '>', 'normal', '<', '/', 'type', '>', '<', '/', 'event', '>']","[764, 767, 4633, 4522, 765, 2, 243, 14, 16, 2, 767, 766, 764, 2968, 766, 764, 4298, 766, 3544, 764, 15, 4298, 766, 764, 15, 2968, 766]"
The cookie monster does'nt like muffins,xss2,Normal,"['The', 'cookie', 'monster', 'does', ""'"", 'nt', 'like', 'muffins']","[2053, 2764, 3482, 2878, 7, 3557, 3366, 3495]"
top -b -n1 | head -20,cmdexe2,Normal,"['top', '-', 'b', '-', 'n1', '|', 'head', '-', '20']","[4281, 13, 2563, 13, 3506, 4682, 3156, 13, 346]"
SELECT COUNT(*) FROM employees;,sqli2,Normal,"['SELECT', 'COUNT', '(', '*', ')', 'FROM', 'employees', ';']","[1905, 969, 8, 10, 9, 1212, 2934, 763]"
and I would like to see all of the items that are type <enter type here>.,cmdexe2,Normal,"['and', 'I', 'would', 'like', 'to', 'see', 'all', 'of', 'the', 'items', 'that', 'are', 'type', '<', 'enter', 'type', 'here', '>', '.']","[2492, 1337, 4586, 3366, 4268, 4040, 2480, 3570, 4244, 3281, 4243, 2518, 4298, 764, 2946, 4298, 3171, 766, 14]"
"If the subject parameter is greater than 0, then return a list of all articles with that subject.",cmdexe2,Normal,"['If', 'the', 'subject', 'parameter', 'is', 'greater', 'than', '0', ',', 'then', 'return', 'a', 'list', 'of', 'all', 'articles', 'with', 'that', 'subject', '.']","[1398, 4244, 4153, 3760, 3275, 3126, 4242, 16, 12, 4250, 3953, 2394, 3372, 3570, 2480, 2522, 4580, 4243, 4153, 14]"
"<?xml version='1.0' standalone='yes'?><movies><movie><title>PHP: Behind the Parser</title><rating type=""thumbs"">7</rating><rating type=""stars"">5</rating></movie></movies>",xxe2,Normal,"['<', '?', 'xml', 'version', '=', ""'"", '1', '.', '0', ""'"", 'standalone', '=', ""'"", 'yes', ""'"", '?', '>', '<', 'movies', '>', '<', 'movie', '>', '<', 'title', '>', 'PHP', ':', 'Behind', 'the', 'Parser', '<', '/', 'title', '>', '<', 'rating', 'type', '=', '""', 'thumbs', '""', '>', '7', '<', '/', 'rating', '>', '<', 'rating', 'type', '=', '""', 'stars', '""', '>', '5', '<', '/', 'rating', '>', '<', '/', 'movie', '>', '<', '/', 'movies', '>']","[764, 767, 4633, 4522, 765, 7, 243, 14, 16, 7, 4125, 765, 7, 4667, 7, 767, 766, 764, 3486, 766, 764, 3485, 766, 764, 4264, 766, 1755, 762, 919, 4244, 1781, 764, 15, 4264, 766, 764, 3908, 4298, 765, 2, 4256, 2, 766, 673, 764, 15, 3908, 766, 764, 3908, 4298, 765, 2, 4127, 2, 766, 627, 764, 15, 3908, 766, 764, 15, 3485, 766, 764, 15, 3486, 766]"
"{""profile"":""default"",""theme"":""light""}",log4shell2,Normal,"['{', '""', 'profile', '""', ':', '""', 'default', '""', ',', '""', 'theme', '""', ':', '""', 'light', '""', '}']","[4681, 2, 3856, 2, 762, 2, 2829, 2, 12, 2, 4248, 2, 762, 2, 3365, 2, 4683]"
Can I please get the id for the user that I am trying to follow?,cmdexe2,Normal,"['Can', 'I', 'please', 'get', 'the', 'id', 'for', 'the', 'user', 'that', 'I', 'am', 'trying', 'to', 'follow', '?']","[1007, 1337, 3822, 3101, 4244, 3215, 3064, 4244, 4476, 4243, 1337, 2487, 4292, 4268, 3057, 767]"
"I would like to search for the string ""%t"" please.",xss2,Normal,"['I', 'would', 'like', 'to', 'search', 'for', 'the', 'string', '""', '%', 't', '""', 'please', '.']","[1337, 4586, 3366, 4268, 4033, 3064, 4244, 4147, 2, 5, 4194, 2, 3822, 14]"
/archive/2024.tar.gz,traversal2,Normal,"['/', 'archive', '/', '2024', '.', 'tar', '.', 'gz']","[15, 2517, 15, 355, 14, 4212, 14, 3137]"
I would like to request the /cc serviceCode with the parameter: serviceCode|{},cmdexe2,Normal,"['I', 'would', 'like', 'to', 'request', 'the', '/', 'cc', 'serviceCode', 'with', 'the', 'parameter', ':', 'serviceCode', '|', '{', '}']","[1337, 4586, 3366, 4268, 3936, 4244, 15, 2661, 4051, 4580, 4244, 3760, 762, 4051, 4682, 4681, 4683]"
I like to perform benchmarks on my PC,sqli2,Normal,"['I', 'like', 'to', 'perform', 'benchmarks', 'on', 'my', 'PC']","[1337, 3366, 4268, 3796, 2599, 3579, 3498, 1736]"
"{""runtime"":""java"",""heap"":""128MB""}",log4shell2,Normal,"['{', '""', 'runtime', '""', ':', '""', 'java', '""', ',', '""', 'heap', '""', ':', '""', '128MB', '""', '}']","[4681, 2, 3986, 2, 762, 2, 3295, 2, 12, 2, 3162, 2, 762, 2, 290, 2, 4683]"
"{""load"":""moderate""}",log4shell2,Normal,"['{', '""', 'load', '""', ':', '""', 'moderate', '""', '}']","[4681, 2, 3377, 2, 762, 2, 3477, 2, 4683]"
mv index.html index_old.html,cmdexe2,Normal,"['mv', 'index', '.', 'html', 'index_old', '.', 'html']","[3497, 3234, 14, 3198, 3236, 14, 3198]"
"DEAR FINN,--I think it would do; copy should reach us second post",sqli2,Normal,"['DEAR', 'FINN', ',', '-', '-', 'I', 'think', 'it', 'would', 'do', ';', 'copy', 'should', 'reach', 'us', 'second', 'post']","[1048, 1199, 12, 13, 13, 1337, 4252, 3280, 4586, 2871, 763, 2766, 4079, 3912, 4473, 4034, 3831]"
SELECT * FROM alerts WHERE read=false;,sqli2,Normal,"['SELECT', '*', 'FROM', 'alerts', 'WHERE', 'read', '=', 'false', ';']","[1905, 10, 1212, 2476, 2191, 3913, 765, 3007, 763]"
service mysql status,cmdexe2,Normal,"['service', 'mysql', 'status']","[4050, 3503, 4136]"
ip addr show,cmdexe2,Normal,"['ip', 'addr', 'show']","[3270, 2435, 4080]"
"<?xml version=""1.0""?><user><role>editor</role></user>",xxe2,Normal,"['<', '?', 'xml', 'version', '=', '""', '1', '.', '0', '""', '?', '>', '<', 'user', '>', '<', 'role', '>', 'editor', '<', '/', 'role', '>', '<', '/', 'user', '>']","[764, 767, 4633, 4522, 765, 2, 243, 14, 16, 2, 767, 766, 764, 4476, 766, 764, 3968, 766, 2912, 764, 15, 3968, 766, 764, 15, 4476, 766]"
df -hT,cmdexe2,Normal,"['df', '-', 'hT']","[2848, 13, 3143]"
I would like to fetch all of the data for longitude : *,cmdexe2,Normal,"['I', 'would', 'like', 'to', 'fetch', 'all', 'of', 'the', 'data', 'for', 'longitude', ':', '*']","[1337, 4586, 3366, 4268, 3027, 2480, 3570, 4244, 2803, 3064, 3414, 762, 10]"
SELECT * FROM sessions WHERE valid=true;,sqli2,Normal,"['SELECT', '*', 'FROM', 'sessions', 'WHERE', 'valid', '=', 'true', ';']","[1905, 10, 1212, 4058, 2191, 4506, 765, 4290, 763]"
"<?xml version=""1.0""?><module><active>true</active></module>",xxe2,Normal,"['<', '?', 'xml', 'version', '=', '""', '1', '.', '0', '""', '?', '>', '<', 'module', '>', '<', 'active', '>', 'true', '<', '/', 'active', '>', '<', '/', 'module', '>']","[764, 767, 4633, 4522, 765, 2, 243, 14, 16, 2, 767, 766, 764, 3479, 766, 764, 2430, 766, 4290, 764, 15, 2430, 766, 764, 15, 3479, 766]"
SELECT * FROM users WHERE active=1;,sqli2,Normal,"['SELECT', '*', 'FROM', 'users', 'WHERE', 'active', '=', '1', ';']","[1905, 10, 1212, 4492, 2191, 2430, 765, 243, 763]"
SELECT * FROM purchases LIMIT 20;,sqli2,Normal,"['SELECT', '*', 'FROM', 'purchases', 'LIMIT', '20', ';']","[1905, 10, 1212, 3876, 1517, 346, 763]"
"<?xml version=""1.0""?><backup><status>done</status></backup>",xxe2,Normal,"['<', '?', 'xml', 'version', '=', '""', '1', '.', '0', '""', '?', '>', '<', 'backup', '>', '<', 'status', '>', 'done', '<', '/', 'status', '>', '<', '/', 'backup', '>']","[764, 767, 4633, 4522, 765, 2, 243, 14, 16, 2, 767, 766, 764, 2568, 766, 764, 4136, 766, 2882, 764, 15, 4136, 766, 764, 15, 2568, 766]"
/admin/info.xml,traversal2,Normal,"['/', 'admin', '/', 'info', '.', 'xml']","[15, 2440, 15, 3241, 14, 4633]"
SELECT * FROM inventory WHERE stock > 0;,sqli2,Normal,"['SELECT', '*', 'FROM', 'inventory', 'WHERE', 'stock', '>', '0', ';']","[1905, 10, 1212, 3265, 2191, 4139, 766, 16, 763]"
"{""response_time"":""35ms""}",log4shell2,Normal,"['{', '""', 'response_time', '""', ':', '""', '35ms', '""', '}']","[4681, 2, 3946, 2, 762, 2, 581, 2, 4683]"
"{""module"":""settings"",""change"":""success""}",log4shell2,Normal,"['{', '""', 'module', '""', ':', '""', 'settings', '""', ',', '""', 'change', '""', ':', '""', 'success', '""', '}']","[4681, 2, 3479, 2, 762, 2, 4064, 2, 12, 2, 2669, 2, 762, 2, 4160, 2, 4683]"
SELECT * FROM billing_history;,sqli2,Normal,"['SELECT', '*', 'FROM', 'billing_history', ';']","[1905, 10, 1212, 2606, 763]"
Input accepted,xss2,Normal,"['Input', 'accepted']","[1406, 2415]"
/user/avatar.png,traversal2,Normal,"['/', 'user', '/', 'avatar', '.', 'png']","[15, 4476, 15, 2560, 14, 3823]"
"<?xml version=""1.0""?><profile><active>true</active></profile>",xxe2,Normal,"['<', '?', 'xml', 'version', '=', '""', '1', '.', '0', '""', '?', '>', '<', 'profile', '>', '<', 'active', '>', 'true', '<', '/', 'active', '>', '<', '/', 'profile', '>']","[764, 767, 4633, 4522, 765, 2, 243, 14, 16, 2, 767, 766, 764, 3856, 766, 764, 2430, 766, 4290, 764, 15, 2430, 766, 764, 15, 3856, 766]"
_SELECT all the rows of fromDate = @-_,sqli2,Normal,"['_SELECT', 'all', 'the', 'rows', 'of', 'fromDate', '=', '@', '-', '_']","[2354, 2480, 4244, 3974, 3570, 3077, 765, 768, 13, 2351]"
"{""role"":""analyst"",""scope"":""limited""}",log4shell2,Normal,"['{', '""', 'role', '""', ':', '""', 'analyst', '""', ',', '""', 'scope', '""', ':', '""', 'limited', '""', '}']","[4681, 2, 3968, 2, 762, 2, 2490, 2, 12, 2, 4022, 2, 762, 2, 3368, 2, 4683]"
whoami,cmdexe2,Normal,['whoami'],[4572]
Upload complete,xss2,Normal,"['Upload', 'complete']","[2131, 2730]"
"SELECT id, name FROM products LIMIT 10;",sqli2,Normal,"['SELECT', 'id', ',', 'name', 'FROM', 'products', 'LIMIT', '10', ';']","[1905, 3215, 12, 3512, 1212, 3855, 1517, 244, 763]"
"{""status"":""ok"",""session"":""abc987""}",log4shell2,Normal,"['{', '""', 'status', '""', ':', '""', 'ok', '""', ',', '""', 'session', '""', ':', '""', 'abc987', '""', '}']","[4681, 2, 4136, 2, 762, 2, 3574, 2, 12, 2, 4055, 2, 762, 2, 2409, 2, 4683]"
Dark theme applied,xss2,Normal,"['Dark', 'theme', 'applied']","[1095, 4248, 2513]"
/css/style.css,traversal2,Normal,"['/', 'css', '/', 'style', '.', 'css']","[15, 2780, 15, 4149, 14, 2780]"
SELECT * FROM messages WHERE read=false;,sqli2,Normal,"['SELECT', '*', 'FROM', 'messages', 'WHERE', 'read', '=', 'false', ';']","[1905, 10, 1212, 3458, 2191, 3913, 765, 3007, 763]"
"<?xml version=""1.0""?><health><status>ok</status></health>",xxe2,Normal,"['<', '?', 'xml', 'version', '=', '""', '1', '.', '0', '""', '?', '>', '<', 'health', '>', '<', 'status', '>', 'ok', '<', '/', 'status', '>', '<', '/', 'health', '>']","[764, 767, 4633, 4522, 765, 2, 243, 14, 16, 2, 767, 766, 764, 3158, 766, 764, 4136, 766, 3574, 764, 15, 4136, 766, 764, 15, 3158, 766]"
SELECT * FROM health_checks;,sqli2,Normal,"['SELECT', '*', 'FROM', 'health_checks', ';']","[1905, 10, 1212, 3159, 763]"
Autoplay enabled,xss2,Normal,"['Autoplay', 'enabled']","[853, 2936]"
SELECT * FROM tokens;,sqli2,Normal,"['SELECT', '*', 'FROM', 'tokens', ';']","[1905, 10, 1212, 4274, 763]"
Username is valid,xss2,Normal,"['Username', 'is', 'valid']","[2133, 3275, 4506]"
"{""env"":""dev"",""secure"":false}",log4shell2,Normal,"['{', '""', 'env', '""', ':', '""', 'dev', '""', ',', '""', 'secure', '""', ':', 'false', '}']","[4681, 2, 2949, 2, 762, 2, 2844, 2, 12, 2, 4038, 2, 762, 3007, 4683]"
cat /etc/shadow,cmdexe2,Normal,"['cat', '/', 'etc', '/', 'shadow']","[2658, 15, 2965, 15, 4069]"
Sync complete,xss2,Normal,"['Sync', 'complete']","[1992, 2730]"
UPDATE settings SET value='on' WHERE key='maintenance';,sqli2,Normal,"['UPDATE', 'settings', 'SET', 'value', '=', ""'"", 'on', ""'"", 'WHERE', 'key', '=', ""'"", 'maintenance', ""'"", ';']","[2099, 4064, 1907, 4513, 765, 7, 3579, 7, 2191, 3323, 765, 7, 3436, 7, 763]"
Data exported,xss2,Normal,"['Data', 'exported']","[1097, 2995]"
We need to secure our LDAP: server,log4shell2,Normal,"['We', 'need', 'to', 'secure', 'our', 'LDAP', ':', 'server']","[2217, 3521, 4268, 4038, 3742, 1512, 762, 4048]"
I would like to request the maximum value for parameter v.,cmdexe2,Normal,"['I', 'would', 'like', 'to', 'request', 'the', 'maximum', 'value', 'for', 'parameter', 'v', '.']","[1337, 4586, 3366, 4268, 3936, 4244, 3449, 4513, 3064, 3760, 4501, 14]"
logs/access.log,traversal2,Normal,"['logs', '/', 'access', '.', 'log']","[3403, 15, 2418, 14, 3389]"
System check passed,xss2,Normal,"['System', 'check', 'passed']","[1993, 2676, 3768]"
Changes saved,xss2,Normal,"['Changes', 'saved']","[1008, 4007]"
SELECT permission FROM access_control;,sqli2,Normal,"['SELECT', 'permission', 'FROM', 'access_control', ';']","[1905, 3798, 1212, 2420, 763]"
"<?xml version=""1.0""?><order><status>confirmed</status></order>",xxe2,Normal,"['<', '?', 'xml', 'version', '=', '""', '1', '.', '0', '""', '?', '>', '<', 'order', '>', '<', 'status', '>', 'confirmed', '<', '/', 'status', '>', '<', '/', 'order', '>']","[764, 767, 4633, 4522, 765, 2, 243, 14, 16, 2, 767, 766, 764, 3738, 766, 764, 4136, 766, 2744, 764, 15, 4136, 766, 764, 15, 3738, 766]"
/images/logo.png,traversal2,Normal,"['/', 'images', '/', 'logo', '.', 'png']","[15, 3226, 15, 3400, 14, 3823]"
"{""role"":""guest"",""access"":""limited""}",log4shell2,Normal,"['{', '""', 'role', '""', ':', '""', 'guest', '""', ',', '""', 'access', '""', ':', '""', 'limited', '""', '}']","[4681, 2, 3968, 2, 762, 2, 3134, 2, 12, 2, 2418, 2, 762, 2, 3368, 2, 4683]"
"{""data"":""fetched""}",log4shell2,Normal,"['{', '""', 'data', '""', ':', '""', 'fetched', '""', '}']","[4681, 2, 2803, 2, 762, 2, 3028, 2, 4683]"
Sidebar expanded,xss2,Normal,"['Sidebar', 'expanded']","[1981, 2990]"
/content/license.txt,traversal2,Normal,"['/', 'content', '/', 'license', '.', 'txt']","[15, 2755, 15, 3363, 14, 4297]"
"<?xml version=""1.0""?><notification><read>true</read></notification>",xxe2,Normal,"['<', '?', 'xml', 'version', '=', '""', '1', '.', '0', '""', '?', '>', '<', 'notification', '>', '<', 'read', '>', 'true', '<', '/', 'read', '>', '<', '/', 'notification', '>']","[764, 767, 4633, 4522, 765, 2, 243, 14, 16, 2, 767, 766, 764, 3550, 766, 764, 3913, 766, 4290, 764, 15, 3913, 766, 764, 15, 3550, 766]"
"{""session"":""xyz789"",""authenticated"":true}",log4shell2,Normal,"['{', '""', 'session', '""', ':', '""', 'xyz789', '""', ',', '""', 'authenticated', '""', ':', 'true', '}']","[4681, 2, 4055, 2, 762, 2, 4660, 2, 12, 2, 2550, 2, 762, 4290, 4683]"
/static/style.css,traversal2,Normal,"['/', 'static', '/', 'style', '.', 'css']","[15, 4133, 15, 4149, 14, 2780]"
df -h,cmdexe2,Normal,"['df', '-', 'h']","[2848, 13, 3138]"
Avatar updated,xss2,Normal,"['Avatar', 'updated']","[856, 4462]"
SELECT email FROM user_profiles;,sqli2,Normal,"['SELECT', 'email', 'FROM', 'user_profiles', ';']","[1905, 2930, 1212, 4487, 763]"
"jndi: ""this is just a test. nothing to see here.""",log4shell2,Normal,"['jndi', ':', '""', 'this', 'is', 'just', 'a', 'test', '.', 'nothing', 'to', 'see', 'here', '.', '""']","[3303, 762, 2, 4253, 3275, 3316, 2394, 4234, 14, 3549, 4268, 4040, 3171, 14, 2]"
Filter applied,xss2,Normal,"['Filter', 'applied']","[1222, 2513]"
"<?xml version=""1.0""?><resource><access>granted</access></resource>",xxe2,Normal,"['<', '?', 'xml', 'version', '=', '""', '1', '.', '0', '""', '?', '>', '<', 'resource', '>', '<', 'access', '>', 'granted', '<', '/', 'access', '>', '<', '/', 'resource', '>']","[764, 767, 4633, 4522, 765, 2, 243, 14, 16, 2, 767, 766, 764, 3942, 766, 764, 2418, 766, 3122, 764, 15, 2418, 766, 764, 15, 3942, 766]"
/themes/light.css,traversal2,Normal,"['/', 'themes', '/', 'light', '.', 'css']","[15, 4249, 15, 3365, 14, 2780]"
systemctl status ssh,cmdexe2,Normal,"['systemctl', 'status', 'ssh']","[4190, 4136, 4121]"
1) a-b=c,sqli2,Normal,"['1', ')', 'a', '-', 'b', '=', 'c']","[243, 9, 2394, 13, 2563, 765, 2636]"
/scripts/vendor.js,traversal2,Normal,"['/', 'scripts', '/', 'vendor', '.', 'js']","[15, 4027, 15, 4520, 14, 3310]"
Help displayed,xss2,Normal,"['Help', 'displayed']","[1330, 2860]"
ls -lh /var/log,cmdexe2,Normal,"['ls', '-', 'lh', '/', 'var', '/', 'log']","[3422, 13, 3358, 15, 4514, 15, 3389]"
"{""connection"":""established""}",log4shell2,Normal,"['{', '""', 'connection', '""', ':', '""', 'established', '""', '}']","[4681, 2, 2747, 2, 762, 2, 2964, 2, 4683]"
/manuals/guide.pdf,traversal2,Normal,"['/', 'manuals', '/', 'guide', '.', 'pdf']","[15, 3442, 15, 3135, 14, 3790]"
SET NAMES 'utf8';,sqli2,Normal,"['SET', 'NAMES', ""'"", 'utf8', ""'"", ';']","[1907, 1626, 7, 4496, 7, 763]"
SELECT * FROM api_keys;,sqli2,Normal,"['SELECT', '*', 'FROM', 'api_keys', ';']","[1905, 10, 1212, 2506, 763]"
SELECT COUNT(*) FROM transactions;,sqli2,Normal,"['SELECT', 'COUNT', '(', '*', ')', 'FROM', 'transactions', ';']","[1905, 969, 8, 10, 9, 1212, 4287, 763]"
"{""log"":""Started server on port 8080""}",log4shell2,Normal,"['{', '""', 'log', '""', ':', '""', 'Started', 'server', 'on', 'port', '8080', '""', '}']","[4681, 2, 3389, 2, 762, 2, 1985, 4048, 3579, 3828, 699, 2, 4683]"
I setted the COOKIE value to : expandGeoJsonFeatures=true;,xss2,Normal,"['I', 'setted', 'the', 'COOKIE', 'value', 'to', ':', 'expandGeoJsonFeatures', '=', 'true', ';']","[1337, 4061, 4244, 968, 4513, 4268, 762, 2989, 765, 4290, 763]"
and/or,traversal2,Normal,"['and', '/', 'or']","[2492, 15, 3735]"
hostname -I,cmdexe2,Normal,"['hostname', '-', 'I']","[3187, 13, 1337]"
"{""user_id"":456,""permissions"":[""read"",""write""]}",log4shell2,Normal,"['{', '""', 'user_id', '""', ':', '456', ',', '""', 'permissions', '""', ':', '[', '""', 'read', '""', ',', '""', 'write', '""', ']', '}']","[4681, 2, 4486, 2, 762, 615, 12, 2, 3799, 2, 762, 2347, 2, 3913, 2, 12, 2, 4587, 2, 2349, 4683]"
"I would like to request the local version of the website in French, so I will include the parameter ""hl=fr""",cmdexe2,Normal,"['I', 'would', 'like', 'to', 'request', 'the', 'local', 'version', 'of', 'the', 'website', 'in', 'French', ',', 'so', 'I', 'will', 'include', 'the', 'parameter', '""', 'hl', '=', 'fr', '""']","[1337, 4586, 3366, 4268, 3936, 4244, 3383, 4522, 3570, 4244, 4564, 3230, 1226, 12, 4096, 1337, 4574, 3233, 4244, 3760, 2, 3180, 765, 3069, 2]"
cp .env .env.backup,cmdexe2,Normal,"['cp', '.', 'env', '.', 'env', '.', 'backup']","[2770, 14, 2949, 14, 2949, 14, 2568]"
I would like to know the serviceCode for the {param} I am interested in.,cmdexe2,Normal,"['I', 'would', 'like', 'to', 'know', 'the', 'serviceCode', 'for', 'the', '{', 'param', '}', 'I', 'am', 'interested', 'in', '.']","[1337, 4586, 3366, 4268, 3328, 4244, 4051, 3064, 4244, 4681, 3758, 4683, 1337, 2487, 3260, 3230, 14]"
/updates/notes.txt,traversal2,Normal,"['/', 'updates', '/', 'notes', '.', 'txt']","[15, 4464, 15, 3548, 14, 4297]"
D'or 1st parfume,sqli2,Normal,"['D', ""'"", 'or', '1st', 'parfume']","[1020, 7, 3735, 343, 3765]"
"<?xml version=""1.0""?><task><done>true</done></task>",xxe2,Normal,"['<', '?', 'xml', 'version', '=', '""', '1', '.', '0', '""', '?', '>', '<', 'task', '>', '<', 'done', '>', 'true', '<', '/', 'done', '>', '<', '/', 'task', '>']","[764, 767, 4633, 4522, 765, 2, 243, 14, 16, 2, 767, 766, 764, 4216, 766, 764, 2882, 766, 4290, 764, 15, 2882, 766, 764, 15, 4216, 766]"
/data/export.json,traversal2,Normal,"['/', 'data', '/', 'export', '.', 'json']","[15, 2803, 15, 2993, 14, 3312]"
/tracker/activity.json,traversal2,Normal,"['/', 'tracker', '/', 'activity', '.', 'json']","[15, 4285, 15, 2431, 14, 3312]"
Form sent,xss2,Normal,"['Form', 'sent']","[1225, 4047]"
"<?xml version=""1.0""?><logs><status>written</status></logs>",xxe2,Normal,"['<', '?', 'xml', 'version', '=', '""', '1', '.', '0', '""', '?', '>', '<', 'logs', '>', '<', 'status', '>', 'written', '<', '/', 'status', '>', '<', '/', 'logs', '>']","[764, 767, 4633, 4522, 765, 2, 243, 14, 16, 2, 767, 766, 764, 3403, 766, 764, 4136, 766, 4590, 764, 15, 4136, 766, 764, 15, 3403, 766]"
"<?xml version=""1.0""?><status><code>success</code></status>",xxe2,Normal,"['<', '?', 'xml', 'version', '=', '""', '1', '.', '0', '""', '?', '>', '<', 'status', '>', '<', 'code', '>', 'success', '<', '/', 'code', '>', '<', '/', 'status', '>']","[764, 767, 4633, 4522, 765, 2, 243, 14, 16, 2, 767, 766, 764, 4136, 766, 764, 2710, 766, 4160, 764, 15, 2710, 766, 764, 15, 4136, 766]"
"<?xml version=""1.0""?><update><status>queued</status></update>",xxe2,Normal,"['<', '?', 'xml', 'version', '=', '""', '1', '.', '0', '""', '?', '>', '<', 'update', '>', '<', 'status', '>', 'queued', '<', '/', 'status', '>', '<', '/', 'update', '>']","[764, 767, 4633, 4522, 765, 2, 243, 14, 16, 2, 767, 766, 764, 4460, 766, 764, 4136, 766, 3900, 764, 15, 4136, 766, 764, 15, 4460, 766]"
User logged out,xss2,Normal,"['User', 'logged', 'out']","[2132, 3394, 3743]"
cat /etc/passwd,cmdexe2,Normal,"['cat', '/', 'etc', '/', 'passwd']","[2658, 15, 2965, 15, 3770]"
John+or@var.es,sqli2,Normal,"['John', '+', 'or', '@', 'var', '.', 'es']","[1449, 11, 3735, 768, 4514, 14, 2962]"
SELECT * FROM login_events WHERE result='success';,sqli2,Normal,"['SELECT', '*', 'FROM', 'login_events', 'WHERE', 'result', '=', ""'"", 'success', ""'"", ';']","[1905, 10, 1212, 3397, 2191, 3950, 765, 7, 4160, 7, 763]"
"{""status"":""active""}",log4shell2,Normal,"['{', '""', 'status', '""', ':', '""', 'active', '""', '}']","[4681, 2, 4136, 2, 762, 2, 2430, 2, 4683]"
SELECT * FROM user_settings;,sqli2,Normal,"['SELECT', '*', 'FROM', 'user_settings', ';']","[1905, 10, 1212, 4488, 763]"
groupdel tempgroup,cmdexe2,Normal,"['groupdel', 'tempgroup']","[3131, 4230]"
"I would like to see the runtime for the payload, please.",cmdexe2,Normal,"['I', 'would', 'like', 'to', 'see', 'the', 'runtime', 'for', 'the', 'payload', ',', 'please', '.']","[1337, 4586, 3366, 4268, 4040, 4244, 3986, 3064, 4244, 3778, 12, 3822, 14]"
"{""auth"":""complete""}",log4shell2,Normal,"['{', '""', 'auth', '""', ':', '""', 'complete', '""', '}']","[4681, 2, 2545, 2, 762, 2, 2730, 2, 4683]"
The standard for the <$ tag is to enclose text or code that should be interpreted as a dollar amount.,cmdexe2,Normal,"['The', 'standard', 'for', 'the', '<', '$', 'tag', 'is', 'to', 'enclose', 'text', 'or', 'code', 'that', 'should', 'be', 'interpreted', 'as', 'a', 'dollar', 'amount', '.']","[2053, 4126, 3064, 4244, 764, 4, 4209, 3275, 4268, 2937, 4238, 3735, 2710, 4243, 4079, 2592, 3262, 2523, 2394, 2879, 2488, 14]"
/api/v1/logs,traversal2,Normal,"['/', 'api', '/', 'v1', '/', 'logs']","[15, 2505, 15, 4502, 15, 3403]"
SELECT version();,sqli2,Normal,"['SELECT', 'version', '(', ')', ';']","[1905, 4522, 8, 9, 763]"
"{""action"":""connect"",""response"":""granted""}",log4shell2,Normal,"['{', '""', 'action', '""', ':', '""', 'connect', '""', ',', '""', 'response', '""', ':', '""', 'granted', '""', '}']","[4681, 2, 2427, 2, 762, 2, 2745, 2, 12, 2, 3944, 2, 762, 2, 3122, 2, 4683]"
Can I please have a Python tutorial for qr code scanning?,cmdexe2,Normal,"['Can', 'I', 'please', 'have', 'a', 'Python', 'tutorial', 'for', 'qr', 'code', 'scanning', '?']","[1007, 1337, 3822, 3150, 2394, 1792, 4296, 3064, 3897, 2710, 4014, 767]"
SELECT * FROM patch_log;,sqli2,Normal,"['SELECT', '*', 'FROM', 'patch_log', ';']","[1905, 10, 1212, 3776, 763]"
"It is not too late, but prompt action is needed",xss2,Normal,"['It', 'is', 'not', 'too', 'late', ',', 'but', 'prompt', 'action', 'is', 'needed']","[1409, 3275, 3546, 4278, 3346, 12, 2630, 3863, 2427, 3275, 3522]"
"<?xml version=""1.0""?><email><verified>true</verified></email>",xxe2,Normal,"['<', '?', 'xml', 'version', '=', '""', '1', '.', '0', '""', '?', '>', '<', 'email', '>', '<', 'verified', '>', 'true', '<', '/', 'verified', '>', '<', '/', 'email', '>']","[764, 767, 4633, 4522, 765, 2, 243, 14, 16, 2, 767, 766, 764, 2930, 766, 764, 4521, 766, 4290, 764, 15, 4521, 766, 764, 15, 2930, 766]"
"I would like to request information on the cursor, please.",cmdexe2,Normal,"['I', 'would', 'like', 'to', 'request', 'information', 'on', 'the', 'cursor', ',', 'please', '.']","[1337, 4586, 3366, 4268, 3936, 3242, 3579, 4244, 2787, 12, 3822, 14]"
"<?xml version=""1.0""?><feedback><status>received</status></feedback>",xxe2,Normal,"['<', '?', 'xml', 'version', '=', '""', '1', '.', '0', '""', '?', '>', '<', 'feedback', '>', '<', 'status', '>', 'received', '<', '/', 'status', '>', '<', '/', 'feedback', '>']","[764, 767, 4633, 4522, 765, 2, 243, 14, 16, 2, 767, 766, 764, 3026, 766, 764, 4136, 766, 3917, 764, 15, 4136, 766, 764, 15, 3026, 766]"
SELECT ip FROM login_logs;,sqli2,Normal,"['SELECT', 'ip', 'FROM', 'login_logs', ';']","[1905, 3270, 1212, 3399, 763]"
Filter reset,xss2,Normal,"['Filter', 'reset']","[1222, 3941]"
Request processed,xss2,Normal,"['Request', 'processed']","[1890, 3852]"
Notification enabled,xss2,Normal,"['Notification', 'enabled']","[1673, 2936]"
/config/settings.ini,traversal2,Normal,"['/', 'config', '/', 'settings', '.', 'ini']","[15, 2737, 15, 4064, 14, 3245]"
/api/info,traversal2,Normal,"['/', 'api', '/', 'info']","[15, 2505, 15, 3241]"
"{""session_id"":""abc321"",""status"":""active""}",log4shell2,Normal,"['{', '""', 'session_id', '""', ':', '""', 'abc321', '""', ',', '""', 'status', '""', ':', '""', 'active', '""', '}']","[4681, 2, 4056, 2, 762, 2, 2408, 2, 12, 2, 4136, 2, 762, 2, 2430, 2, 4683]"
/support/tickets/active,traversal2,Normal,"['/', 'support', '/', 'tickets', '/', 'active']","[15, 4170, 15, 4257, 15, 2430]"
"{""access"":""granted"",""module"":""dashboard""}",log4shell2,Normal,"['{', '""', 'access', '""', ':', '""', 'granted', '""', ',', '""', 'module', '""', ':', '""', 'dashboard', '""', '}']","[4681, 2, 2418, 2, 762, 2, 3122, 2, 12, 2, 3479, 2, 762, 2, 2801, 2, 4683]"
/logs/2024-01-01.log,traversal2,Normal,"['/', 'logs', '/', '2024', '-', '01', '-', '01', '.', 'log']","[15, 3403, 15, 355, 13, 35, 13, 35, 14, 3389]"
SHOW DATABASES;,sqli2,Normal,"['SHOW', 'DATABASES', ';']","[1915, 1030, 763]"
"<?xml version=""1.0""?><report><ready>true</ready></report>",xxe2,Normal,"['<', '?', 'xml', 'version', '=', '""', '1', '.', '0', '""', '?', '>', '<', 'report', '>', '<', 'ready', '>', 'true', '<', '/', 'ready', '>', '<', '/', 'report', '>']","[764, 767, 4633, 4522, 765, 2, 243, 14, 16, 2, 767, 766, 764, 3933, 766, 764, 3916, 766, 4290, 764, 15, 3916, 766, 764, 15, 3933, 766]"
Theme saved,xss2,Normal,"['Theme', 'saved']","[2054, 4007]"
"{""file"":""upload success""}",log4shell2,Normal,"['{', '""', 'file', '""', ':', '""', 'upload', 'success', '""', '}']","[4681, 2, 3034, 2, 762, 2, 4466, 4160, 2, 4683]"
Logged out successfully,xss2,Normal,"['Logged', 'out', 'successfully']","[1548, 3743, 4162]"
SELECT COUNT(*) FROM logs;,sqli2,Normal,"['SELECT', 'COUNT', '(', '*', ')', 'FROM', 'logs', ';']","[1905, 969, 8, 10, 9, 1212, 3403, 763]"
"{""log"":""config loaded successfully""}",log4shell2,Normal,"['{', '""', 'log', '""', ':', '""', 'config', 'loaded', 'successfully', '""', '}']","[4681, 2, 3389, 2, 762, 2, 2737, 3380, 4162, 2, 4683]"
/data/file.csv,traversal2,Normal,"['/', 'data', '/', 'file', '.', 'csv']","[15, 2803, 15, 3034, 14, 2781]"
"<?xml version=""1.0""?><user><name>bob</name><role>admin</role></user>",xxe2,Normal,"['<', '?', 'xml', 'version', '=', '""', '1', '.', '0', '""', '?', '>', '<', 'user', '>', '<', 'name', '>', 'bob', '<', '/', 'name', '>', '<', 'role', '>', 'admin', '<', '/', 'role', '>', '<', '/', 'user', '>']","[764, 767, 4633, 4522, 765, 2, 243, 14, 16, 2, 767, 766, 764, 4476, 766, 764, 3512, 766, 2620, 764, 15, 3512, 766, 764, 3968, 766, 2440, 764, 15, 3968, 766, 764, 15, 4476, 766]"
"{""status"":""connected""}",log4shell2,Normal,"['{', '""', 'status', '""', ':', '""', 'connected', '""', '}']","[4681, 2, 4136, 2, 762, 2, 2746, 2, 4683]"
/scripts/app.js,traversal2,Normal,"['/', 'scripts', '/', 'app', '.', 'js']","[15, 4027, 15, 2507, 14, 3310]"
"{""event"":""heartbeat"",""status"":""ok""}",log4shell2,Normal,"['{', '""', 'event', '""', ':', '""', 'heartbeat', '""', ',', '""', 'status', '""', ':', '""', 'ok', '""', '}']","[4681, 2, 2968, 2, 762, 2, 3163, 2, 12, 2, 4136, 2, 762, 2, 3574, 2, 4683]"
"<?xml version=""1.0""?><metrics><health>ok</health></metrics>",xxe2,Normal,"['<', '?', 'xml', 'version', '=', '""', '1', '.', '0', '""', '?', '>', '<', 'metrics', '>', '<', 'health', '>', 'ok', '<', '/', 'health', '>', '<', '/', 'metrics', '>']","[764, 767, 4633, 4522, 765, 2, 243, 14, 16, 2, 767, 766, 764, 3463, 766, 764, 3158, 766, 3574, 764, 15, 3158, 766, 764, 15, 3463, 766]"
"{""heartbeat"":""stable""}",log4shell2,Normal,"['{', '""', 'heartbeat', '""', ':', '""', 'stable', '""', '}']","[4681, 2, 3163, 2, 762, 2, 4123, 2, 4683]"
"<?xml version=""1.0""?><request><method>GET</method></request>",xxe2,Normal,"['<', '?', 'xml', 'version', '=', '""', '1', '.', '0', '""', '?', '>', '<', 'request', '>', '<', 'method', '>', 'GET', '<', '/', 'method', '>', '<', '/', 'request', '>']","[764, 767, 4633, 4522, 765, 2, 243, 14, 16, 2, 767, 766, 764, 3936, 766, 764, 3462, 766, 1240, 764, 15, 3462, 766, 764, 15, 3936, 766]"
SELECT COUNT(*) FROM sessions;,sqli2,Normal,"['SELECT', 'COUNT', '(', '*', ')', 'FROM', 'sessions', ';']","[1905, 969, 8, 10, 9, 1212, 4058, 763]"
SELECT * FROM roles;,sqli2,Normal,"['SELECT', '*', 'FROM', 'roles', ';']","[1905, 10, 1212, 3970, 763]"
/app/config.yaml,traversal2,Normal,"['/', 'app', '/', 'config', '.', 'yaml']","[15, 2507, 15, 2737, 14, 4664]"
/styles/default.css,traversal2,Normal,"['/', 'styles', '/', 'default', '.', 'css']","[15, 4150, 15, 2829, 14, 2780]"
./index.php,traversal2,Normal,"['.', '/', 'index', '.', 'php']","[14, 15, 3234, 14, 3808]"
"<?xml version=""1.0""?><report><type>summary</type></report>",xxe2,Normal,"['<', '?', 'xml', 'version', '=', '""', '1', '.', '0', '""', '?', '>', '<', 'report', '>', '<', 'type', '>', 'summary', '<', '/', 'type', '>', '<', '/', 'report', '>']","[764, 767, 4633, 4522, 765, 2, 243, 14, 16, 2, 767, 766, 764, 3933, 766, 764, 4298, 766, 4166, 764, 15, 4298, 766, 764, 15, 3933, 766]"
"<?xml version=""1.0""?><metrics><updated>true</updated></metrics>",xxe2,Normal,"['<', '?', 'xml', 'version', '=', '""', '1', '.', '0', '""', '?', '>', '<', 'metrics', '>', '<', 'updated', '>', 'true', '<', '/', 'updated', '>', '<', '/', 'metrics', '>']","[764, 767, 4633, 4522, 765, 2, 243, 14, 16, 2, 767, 766, 764, 3463, 766, 764, 4462, 766, 4290, 764, 15, 4462, 766, 764, 15, 3463, 766]"
Changes saved,xss2,Normal,"['Changes', 'saved']","[1008, 4007]"
/files/logo.svg,traversal2,Normal,"['/', 'files', '/', 'logo', '.', 'svg']","[15, 3035, 15, 3400, 14, 4172]"
SELECT last_login FROM users;,sqli2,Normal,"['SELECT', 'last_login', 'FROM', 'users', ';']","[1905, 3344, 1212, 4492, 763]"
SELECT DATABASE();,sqli2,Normal,"['SELECT', 'DATABASE', '(', ')', ';']","[1905, 1029, 8, 9, 763]"
Profile updated,xss2,Normal,"['Profile', 'updated']","[1788, 4462]"
"Welcome back, user!",xss2,Normal,"['Welcome', 'back', ',', 'user', '!']","[2218, 2565, 12, 4476, 1]"
File downloaded,xss2,Normal,"['File', 'downloaded']","[1220, 2884]"
SELECT ip_address FROM access_logs;,sqli2,Normal,"['SELECT', 'ip_address', 'FROM', 'access_logs', ';']","[1905, 3271, 1212, 2422, 763]"
SELECT DISTINCT(user_id) FROM activity_log;,sqli2,Normal,"['SELECT', 'DISTINCT', '(', 'user_id', ')', 'FROM', 'activity_log', ';']","[1905, 1062, 8, 4486, 9, 1212, 2432, 763]"
"{""type"":""info"",""code"":1001}",log4shell2,Normal,"['{', '""', 'type', '""', ':', '""', 'info', '""', ',', '""', 'code', '""', ':', '1001', '}']","[4681, 2, 4298, 2, 762, 2, 3241, 2, 12, 2, 2710, 2, 762, 253, 4683]"
Activity log refreshed,xss2,Normal,"['Activity', 'log', 'refreshed']","[838, 3389, 3925]"
"{""component"":""auth"",""message"":""token verified""}",log4shell2,Normal,"['{', '""', 'component', '""', ':', '""', 'auth', '""', ',', '""', 'message', '""', ':', '""', 'token', 'verified', '""', '}']","[4681, 2, 2732, 2, 762, 2, 2545, 2, 12, 2, 3457, 2, 762, 2, 4271, 4521, 2, 4683]"
"{""log"":""connection accepted from 192.168.1.5""}",log4shell2,Normal,"['{', '""', 'log', '""', ':', '""', 'connection', 'accepted', 'from', '192', '.', '168', '.', '1', '.', '5', '""', '}']","[4681, 2, 3389, 2, 762, 2, 2747, 2415, 3075, 326, 14, 320, 14, 243, 14, 627, 2, 4683]"
SELECT log_message FROM app_logs;,sqli2,Normal,"['SELECT', 'log_message', 'FROM', 'app_logs', ';']","[1905, 3392, 1212, 2509, 763]"
/users/data.json,traversal2,Normal,"['/', 'users', '/', 'data', '.', 'json']","[15, 4492, 15, 2803, 14, 3312]"
"{""auth_token"":""ok""}",log4shell2,Normal,"['{', '""', 'auth_token', '""', ':', '""', 'ok', '""', '}']","[4681, 2, 2548, 2, 762, 2, 3574, 2, 4683]"
kill -9 1234,cmdexe2,Normal,"['kill', '-', '9', '1234']","[3326, 13, 727, 283]"
"<?xml version=""1.0""?><config><setting>enabled</setting></config>",xxe2,Normal,"['<', '?', 'xml', 'version', '=', '""', '1', '.', '0', '""', '?', '>', '<', 'config', '>', '<', 'setting', '>', 'enabled', '<', '/', 'setting', '>', '<', '/', 'config', '>']","[764, 767, 4633, 4522, 765, 2, 243, 14, 16, 2, 767, 766, 764, 2737, 766, 764, 4063, 766, 2936, 764, 15, 4063, 766, 764, 15, 2737, 766]"
/reports/summary.csv,traversal2,Normal,"['/', 'reports', '/', 'summary', '.', 'csv']","[15, 3934, 15, 4166, 14, 2781]"
SELECT * FROM sessions WHERE expires > NOW();,sqli2,Normal,"['SELECT', '*', 'FROM', 'sessions', 'WHERE', 'expires', '>', 'NOW', '(', ')', ';']","[1905, 10, 1212, 4058, 2191, 2991, 766, 1645, 8, 9, 763]"
"{""event"":""logout"",""time"":""22:00""}",log4shell2,Normal,"['{', '""', 'event', '""', ':', '""', 'logout', '""', ',', '""', 'time', '""', ':', '""', '22', ':', '00', '""', '}']","[4681, 2, 2968, 2, 762, 2, 3401, 2, 12, 2, 4258, 2, 762, 2, 363, 762, 17, 2, 4683]"
"I would like to request a random number between 1 and 10, please.",cmdexe2,Normal,"['I', 'would', 'like', 'to', 'request', 'a', 'random', 'number', 'between', '1', 'and', '10', ',', 'please', '.']","[1337, 4586, 3366, 4268, 3936, 2394, 3906, 3560, 2601, 243, 2492, 244, 12, 3822, 14]"
"<?xml version=""1.0""?><file><upload>true</upload></file>",xxe2,Normal,"['<', '?', 'xml', 'version', '=', '""', '1', '.', '0', '""', '?', '>', '<', 'file', '>', '<', 'upload', '>', 'true', '<', '/', 'upload', '>', '<', '/', 'file', '>']","[764, 767, 4633, 4522, 765, 2, 243, 14, 16, 2, 767, 766, 764, 3034, 766, 764, 4466, 766, 4290, 764, 15, 4466, 766, 764, 15, 3034, 766]"
sync,cmdexe2,Normal,['sync'],[4177]
/video/intro.mp4,traversal2,Normal,"['/', 'video', '/', 'intro', '.', 'mp4']","[15, 4532, 15, 3264, 14, 3490]"
rm -rf /tmp/tempfile,cmdexe2,Normal,"['rm', '-', 'rf', '/', 'tmp', '/', 'tempfile']","[3963, 13, 3956, 15, 4266, 15, 4229]"
Welcome to your dashboard,xss2,Normal,"['Welcome', 'to', 'your', 'dashboard']","[2218, 4268, 4669, 2801]"
Font changed,xss2,Normal,"['Font', 'changed']","[1223, 2670]"
SHOW TABLES;,sqli2,Normal,"['SHOW', 'TABLES', ';']","[1915, 1998, 763]"
journalctl -u ssh.service,cmdexe2,Normal,"['journalctl', '-', 'u', 'ssh', '.', 'service']","[3307, 13, 4300, 4121, 14, 4050]"
ls -alh /opt/,cmdexe2,Normal,"['ls', '-', 'alh', '/', 'opt', '/']","[3422, 13, 2477, 15, 3732, 15]"
I would like to request information about the shadow EXFFJT.,cmdexe2,Normal,"['I', 'would', 'like', 'to', 'request', 'information', 'about', 'the', 'shadow', 'EXFFJT', '.']","[1337, 4586, 3366, 4268, 3936, 3242, 2411, 4244, 4069, 1160, 14]"
I usually select icecream where cookies are in union with other fruits,sqli2,Normal,"['I', 'usually', 'select', 'icecream', 'where', 'cookies', 'are', 'in', 'union', 'with', 'other', 'fruits']","[1337, 4494, 4043, 3212, 4569, 2765, 2518, 3230, 4457, 4580, 3741, 3079]"
SELECT * FROM customer_feedback;,sqli2,Normal,"['SELECT', '*', 'FROM', 'customer_feedback', ';']","[1905, 10, 1212, 2789, 763]"
"{""role"":""admin"",""enabled"":false}",log4shell2,Normal,"['{', '""', 'role', '""', ':', '""', 'admin', '""', ',', '""', 'enabled', '""', ':', 'false', '}']","[4681, 2, 3968, 2, 762, 2, 2440, 2, 12, 2, 2936, 2, 762, 3007, 4683]"
/app/settings.xml,traversal2,Normal,"['/', 'app', '/', 'settings', '.', 'xml']","[15, 2507, 15, 4064, 14, 4633]"
They also issued a red alert warning of potential ash clouds,xss2,Normal,"['They', 'also', 'issued', 'a', 'red', 'alert', 'warning', 'of', 'potential', 'ash', 'clouds']","[2056, 2484, 3279, 2394, 3923, 2471, 4554, 3570, 3835, 2530, 2703]"
df -i,cmdexe2,Normal,"['df', '-', 'i']","[2848, 13, 3208]"
"I would like to keep-alive my connection and have the full_text of the article, please.",cmdexe2,Normal,"['I', 'would', 'like', 'to', 'keep', '-', 'alive', 'my', 'connection', 'and', 'have', 'the', 'full_text', 'of', 'the', 'article', ',', 'please', '.']","[1337, 4586, 3366, 4268, 3322, 13, 2479, 3498, 2747, 2492, 3150, 4244, 3088, 3570, 4244, 2521, 12, 3822, 14]"
Highlight applied,xss2,Normal,"['Highlight', 'applied']","[1333, 2513]"
"{""update"":""installed"",""version"":""1.3.4""}",log4shell2,Normal,"['{', '""', 'update', '""', ':', '""', 'installed', '""', ',', '""', 'version', '""', ':', '""', '1', '.', '3', '.', '4', '""', '}']","[4681, 2, 4460, 2, 762, 2, 3256, 2, 12, 2, 4522, 2, 762, 2, 243, 14, 563, 14, 596, 2, 4683]"
"{""user"":""john_doe"",""access"":""read""}",log4shell2,Normal,"['{', '""', 'user', '""', ':', '""', 'john_doe', '""', ',', '""', 'access', '""', ':', '""', 'read', '""', '}']","[4681, 2, 4476, 2, 762, 2, 3305, 2, 12, 2, 2418, 2, 762, 2, 3913, 2, 4683]"
SELECT * FROM customer_records;,sqli2,Normal,"['SELECT', '*', 'FROM', 'customer_records', ';']","[1905, 10, 1212, 2790, 763]"
[Host: type: {[,cmdexe2,Normal,"['[', 'Host', ':', 'type', ':', '{', '[']","[2347, 1335, 762, 4298, 762, 4681, 2347]"
"{""response"":""ready"",""time"":""12ms""}",log4shell2,Normal,"['{', '""', 'response', '""', ':', '""', 'ready', '""', ',', '""', 'time', '""', ':', '""', '12ms', '""', '}']","[4681, 2, 3944, 2, 762, 2, 3916, 2, 12, 2, 4258, 2, 762, 2, 292, 2, 4683]"
Settings applied,xss2,Normal,"['Settings', 'applied']","[1980, 2513]"
/public/index.html,traversal2,Normal,"['/', 'public', '/', 'index', '.', 'html']","[15, 3874, 15, 3234, 14, 3198]"
Auto-save completed,xss2,Normal,"['Auto', '-', 'save', 'completed']","[850, 13, 4006, 2731]"
"{""log"":""task executed""}",log4shell2,Normal,"['{', '""', 'log', '""', ':', '""', 'task', 'executed', '""', '}']","[4681, 2, 3389, 2, 762, 2, 4216, 2982, 2, 4683]"
"I would like to create a new calendar called ""cursor"" please.",cmdexe2,Normal,"['I', 'would', 'like', 'to', 'create', 'a', 'new', 'calendar', 'called', '""', 'cursor', '""', 'please', '.']","[1337, 4586, 3366, 4268, 2773, 2394, 3525, 2646, 2647, 2, 2787, 2, 3822, 14]"
Tooltips enabled,xss2,Normal,"['Tooltips', 'enabled']","[2063, 2936]"
"<?xml version=""1.0""?><project><status>active</status></project>",xxe2,Normal,"['<', '?', 'xml', 'version', '=', '""', '1', '.', '0', '""', '?', '>', '<', 'project', '>', '<', 'status', '>', 'active', '<', '/', 'status', '>', '<', '/', 'project', '>']","[764, 767, 4633, 4522, 765, 2, 243, 14, 16, 2, 767, 766, 764, 3860, 766, 764, 4136, 766, 2430, 764, 15, 4136, 766, 764, 15, 3860, 766]"
and =IS=C5HF95_=,cmdexe2,Normal,"['and', '=', 'IS', '=', 'C5HF95_', '=']","[2492, 765, 1382, 765, 926, 765]"
Feedback submitted successfully,xss2,Normal,"['Feedback', 'submitted', 'successfully']","[1219, 4155, 4162]"
"<?xml version=""1.0""?><object><state>complete</state></object>",xxe2,Normal,"['<', '?', 'xml', 'version', '=', '""', '1', '.', '0', '""', '?', '>', '<', 'object', '>', '<', 'state', '>', 'complete', '<', '/', 'state', '>', '<', '/', 'object', '>']","[764, 767, 4633, 4522, 765, 2, 243, 14, 16, 2, 767, 766, 764, 3568, 766, 764, 4132, 766, 2730, 764, 15, 4132, 766, 764, 15, 3568, 766]"
Cache cleared,xss2,Normal,"['Cache', 'cleared']","[1003, 2697]"
SELECT * FROM tasks WHERE assigned=true;,sqli2,Normal,"['SELECT', '*', 'FROM', 'tasks', 'WHERE', 'assigned', '=', 'true', ';']","[1905, 10, 1212, 4217, 2191, 2535, 765, 4290, 763]"
uname -a,cmdexe2,Normal,"['uname', '-', 'a']","[4455, 13, 2394]"
/content/banner.jpg,traversal2,Normal,"['/', 'content', '/', 'banner', '.', 'jpg']","[15, 2755, 15, 2572, 14, 3308]"
We also noted his prompt withdrawal of the image,xss2,Normal,"['We', 'also', 'noted', 'his', 'prompt', 'withdrawal', 'of', 'the', 'image']","[2217, 2484, 3547, 3178, 3863, 4581, 3570, 4244, 3225]"
mkdir -p /srv/data/logs,cmdexe2,Normal,"['mkdir', '-', 'p', '/', 'srv', '/', 'data', '/', 'logs']","[3473, 13, 3751, 15, 4120, 15, 2803, 15, 3403]"
ls 300 lexus,cmdexe2,Normal,"['ls', '300', 'lexus']","[3422, 565, 3357]"
passwd --status user1,cmdexe2,Normal,"['passwd', '-', '-', 'status', 'user1']","[3770, 13, 13, 4136, 4477]"
/logs/error.log,traversal2,Normal,"['/', 'logs', '/', 'error', '.', 'log']","[15, 3403, 15, 2956, 14, 3389]"
/admin/install.php,traversal2,Normal,"['/', 'admin', '/', 'install', '.', 'php']","[15, 2440, 15, 3255, 14, 3808]"
Valid email,xss2,Normal,"['Valid', 'email']","[2171, 2930]"
"<?xml version=""1.0""?><info><version>2.0</version></info>",xxe2,Normal,"['<', '?', 'xml', 'version', '=', '""', '1', '.', '0', '""', '?', '>', '<', 'info', '>', '<', 'version', '>', '2', '.', '0', '<', '/', 'version', '>', '<', '/', 'info', '>']","[764, 767, 4633, 4522, 765, 2, 243, 14, 16, 2, 767, 766, 764, 3241, 766, 764, 4522, 766, 345, 14, 16, 764, 15, 4522, 766, 764, 15, 3241, 766]"
usermod -aG sudo user1,cmdexe2,Normal,"['usermod', '-', 'aG', 'sudo', 'user1']","[4490, 13, 2400, 4164, 4477]"
"{""user"":""jane"",""authenticated"":true}",log4shell2,Normal,"['{', '""', 'user', '""', ':', '""', 'jane', '""', ',', '""', 'authenticated', '""', ':', 'true', '}']","[4681, 2, 4476, 2, 762, 2, 3292, 2, 12, 2, 2550, 2, 762, 4290, 4683]"
To import your script you just email it to your account at the app,xss2,Normal,"['To', 'import', 'your', 'script', 'you', 'just', 'email', 'it', 'to', 'your', 'account', 'at', 'the', 'app']","[2060, 3229, 4669, 4025, 4668, 3316, 2930, 3280, 4268, 4669, 2424, 2536, 4244, 2507]"
db.php,traversal2,Normal,"['db', '.', 'php']","[2818, 14, 3808]"
/export/records.csv,traversal2,Normal,"['/', 'export', '/', 'records', '.', 'csv']","[15, 2993, 15, 3921, 14, 2781]"
SELECT DATABASE();,sqli2,Normal,"['SELECT', 'DATABASE', '(', ')', ';']","[1905, 1029, 8, 9, 763]"
"<?xml version=""1.0""?><response><valid>true</valid></response>",xxe2,Normal,"['<', '?', 'xml', 'version', '=', '""', '1', '.', '0', '""', '?', '>', '<', 'response', '>', '<', 'valid', '>', 'true', '<', '/', 'valid', '>', '<', '/', 'response', '>']","[764, 767, 4633, 4522, 765, 2, 243, 14, 16, 2, 767, 766, 764, 3944, 766, 764, 4506, 766, 4290, 764, 15, 4506, 766, 764, 15, 3944, 766]"
SELECT * FROM invoices ORDER BY id DESC LIMIT 3;,sqli2,Normal,"['SELECT', '*', 'FROM', 'invoices', 'ORDER', 'BY', 'id', 'DESC', 'LIMIT', '3', ';']","[1905, 10, 1212, 3267, 1692, 910, 3215, 1054, 1517, 563, 763]"
java lang courses,cmdexe2,Normal,"['java', 'lang', 'courses']","[3295, 3340, 2769]"
SELECT * FROM uploads WHERE status='processed';,sqli2,Normal,"['SELECT', '*', 'FROM', 'uploads', 'WHERE', 'status', '=', ""'"", 'processed', ""'"", ';']","[1905, 10, 1212, 4467, 2191, 4136, 765, 7, 3852, 7, 763]"
SELECT * FROM views;,sqli2,Normal,"['SELECT', '*', 'FROM', 'views', ';']","[1905, 10, 1212, 4537, 763]"
"<?xml version=""1.0""?><user><name>alice</name></user>",xxe2,Normal,"['<', '?', 'xml', 'version', '=', '""', '1', '.', '0', '""', '?', '>', '<', 'user', '>', '<', 'name', '>', 'alice', '<', '/', 'name', '>', '<', '/', 'user', '>']","[764, 767, 4633, 4522, 765, 2, 243, 14, 16, 2, 767, 766, 764, 4476, 766, 764, 3512, 766, 2478, 764, 15, 3512, 766, 764, 15, 4476, 766]"
env | sort,cmdexe2,Normal,"['env', '|', 'sort']","[2949, 4682, 4105]"
/monitor/logs,traversal2,Normal,"['/', 'monitor', '/', 'logs']","[15, 3481, 15, 3403]"
"<?xml version=""1.0""?><message><content>Updated</content></message>",xxe2,Normal,"['<', '?', 'xml', 'version', '=', '""', '1', '.', '0', '""', '?', '>', '<', 'message', '>', '<', 'content', '>', 'Updated', '<', '/', 'content', '>', '<', '/', 'message', '>']","[764, 767, 4633, 4522, 765, 2, 243, 14, 16, 2, 767, 766, 764, 3457, 766, 764, 2755, 766, 2130, 764, 15, 2755, 766, 764, 15, 3457, 766]"
"date +""%F %T""",cmdexe2,Normal,"['date', '+', '""', '%', 'F', '%', 'T', '""']","[2816, 11, 2, 5, 1183, 5, 1995, 2]"
/media/video.mp4,traversal2,Normal,"['/', 'media', '/', 'video', '.', 'mp4']","[15, 3453, 15, 4532, 14, 3490]"
chown www-data:www-data /var/www/html,cmdexe2,Normal,"['chown', 'www', '-', 'data', ':', 'www', '-', 'data', '/', 'var', '/', 'www', '/', 'html']","[2680, 4592, 13, 2803, 762, 4592, 13, 2803, 15, 4514, 15, 4592, 15, 3198]"
SELECT version();,sqli2,Normal,"['SELECT', 'version', '(', ')', ';']","[1905, 4522, 8, 9, 763]"
ls -la /home/user,cmdexe2,Normal,"['ls', '-', 'la', '/', 'home', '/', 'user']","[3422, 13, 3335, 15, 3181, 15, 4476]"
"<?xml version=""1.0""?><login><status>valid</status></login>",xxe2,Normal,"['<', '?', 'xml', 'version', '=', '""', '1', '.', '0', '""', '?', '>', '<', 'login', '>', '<', 'status', '>', 'valid', '<', '/', 'status', '>', '<', '/', 'login', '>']","[764, 767, 4633, 4522, 765, 2, 243, 14, 16, 2, 767, 766, 764, 3395, 766, 764, 4136, 766, 4506, 764, 15, 4136, 766, 764, 15, 3395, 766]"
"{""system"":""online"",""response_time"":""85ms""}",log4shell2,Normal,"['{', '""', 'system', '""', ':', '""', 'online', '""', ',', '""', 'response_time', '""', ':', '""', '85ms', '""', '}']","[4681, 2, 4187, 2, 762, 2, 3662, 2, 12, 2, 3946, 2, 762, 2, 707, 2, 4683]"
Search results displayed,xss2,Normal,"['Search', 'results', 'displayed']","[1973, 3951, 2860]"
/assets/user.svg,traversal2,Normal,"['/', 'assets', '/', 'user', '.', 'svg']","[15, 2533, 15, 4476, 14, 4172]"
"<?xml version=""1.0""?><config><theme>light</theme></config>",xxe2,Normal,"['<', '?', 'xml', 'version', '=', '""', '1', '.', '0', '""', '?', '>', '<', 'config', '>', '<', 'theme', '>', 'light', '<', '/', 'theme', '>', '<', '/', 'config', '>']","[764, 767, 4633, 4522, 765, 2, 243, 14, 16, 2, 767, 766, 764, 2737, 766, 764, 4248, 766, 3365, 764, 15, 4248, 766, 764, 15, 2737, 766]"
"<?xml version=""1.0""?><roles><count>3</count></roles>",xxe2,Normal,"['<', '?', 'xml', 'version', '=', '""', '1', '.', '0', '""', '?', '>', '<', 'roles', '>', '<', 'count', '>', '3', '<', '/', 'count', '>', '<', '/', 'roles', '>']","[764, 767, 4633, 4522, 765, 2, 243, 14, 16, 2, 767, 766, 764, 3970, 766, 764, 2768, 766, 563, 764, 15, 2768, 766, 764, 15, 3970, 766]"
/files/app.exe,traversal2,Normal,"['/', 'files', '/', 'app', '.', 'exe']","[15, 3035, 15, 2507, 14, 2980]"
Widget loaded,xss2,Normal,"['Widget', 'loaded']","[2220, 3380]"
Session started,xss2,Normal,"['Session', 'started']","[1977, 4130]"
Session timeout extended,xss2,Normal,"['Session', 'timeout', 'extended']","[1977, 4261, 2999]"
/healthcheck/status,traversal2,Normal,"['/', 'healthcheck', '/', 'status']","[15, 3160, 15, 4136]"
"<?xml version=""1.0""?><upload><status>success</status></upload>",xxe2,Normal,"['<', '?', 'xml', 'version', '=', '""', '1', '.', '0', '""', '?', '>', '<', 'upload', '>', '<', 'status', '>', 'success', '<', '/', 'status', '>', '<', '/', 'upload', '>']","[764, 767, 4633, 4522, 765, 2, 243, 14, 16, 2, 767, 766, 764, 4466, 766, 764, 4136, 766, 4160, 764, 15, 4136, 766, 764, 15, 4466, 766]"
Session locked,xss2,Normal,"['Session', 'locked']","[1977, 3388]"
"<?xml version=""1.0"" ?><wfs:GetFeature service=""WFS"" version=""1.0.0"" xmlns:wfs=""http://www.opengis.net/wfs"" xmlns:ogc=""http://www.opengis.net/ogc"" xmlns:myns=""http://www.example.com/myns"" xmlns:xsi=""http://www.w3.org/2001/XMLSchema-instance"" xsi:schemaLocation=""http://www.opengis.net/wfs ../wfs/1.0.0/WFS-basic.xsd""><wfs:Query typeName=""myns:COLA""><ogc:PropertyName>myns:MKT_ID</ogc:PropertyName><ogc:PropertyName>myns:SHAPE</ogc:PropertyName></wfs:Query></wfs:GetFeature>",xxe2,Normal,"['<', '?', 'xml', 'version', '=', '""', '1', '.', '0', '""', '?', '>', '<', 'wfs', ':', 'GetFeature', 'service', '=', '""', 'WFS', '""', 'version', '=', '""', '1', '.', '0', '.', '0', '""', 'xmlns', ':', 'wfs', '=', '""', 'http', ':', '/', '/', 'www', '.', 'opengis', '.', 'net', '/', 'wfs', '""', 'xmlns', ':', 'ogc', '=', '""', 'http', ':', '/', '/', 'www', '.', 'opengis', '.', 'net', '/', 'ogc', '""', 'xmlns', ':', 'myns', '=', '""', 'http', ':', '/', '/', 'www', '.', 'example', '.', 'com', '/', 'myns', '""', 'xmlns', ':', 'xsi', '=', '""', 'http', ':', '/', '/', 'www', '.', 'w3', '.', 'org', '/', '2001', '/', 'XMLSchema', '-', 'instance', '""', 'xsi', ':', 'schemaLocation', '=', '""', 'http', ':', '/', '/', 'www', '.', 'opengis', '.', 'net', '/', 'wfs', '.', '.', '/', 'wfs', '/', '1', '.', '0', '.', '0', '/', 'WFS', '-', 'basic', '.', 'xsd', '""', '>', '<', 'wfs', ':', 'Query', 'typeName', '=', '""', 'myns', ':', 'COLA', '""', '>', '<', 'ogc', ':', 'PropertyName', '>', 'myns', ':', 'MKT_ID', '<', '/', 'ogc', ':', 'PropertyName', '>', '<', 'ogc', ':', 'PropertyName', '>', 'myns', ':', 'SHAPE', '<', '/', 'ogc', ':', 'PropertyName', '>', '<', '/', 'wfs', ':', 'Query', '>', '<', '/', 'wfs', ':', 'GetFeature', '>']","[764, 767, 4633, 4522, 765, 2, 243, 14, 16, 2, 767, 766, 764, 4565, 762, 1274, 4050, 765, 2, 2188, 2, 4522, 765, 2, 243, 14, 16, 14, 16, 2, 4636, 762, 4565, 765, 2, 3203, 762, 15, 15, 4592, 14, 3731, 14, 3523, 15, 4565, 2, 4636, 762, 3573, 765, 2, 3203, 762, 15, 15, 4592, 14, 3731, 14, 3523, 15, 3573, 2, 4636, 762, 3501, 765, 2, 3203, 762, 15, 15, 4592, 14, 2976, 14, 2724, 15, 3501, 2, 4636, 762, 4643, 765, 2, 3203, 762, 15, 15, 4592, 14, 4546, 14, 3740, 15, 351, 15, 2248, 13, 3257, 2, 4643, 762, 4017, 765, 2, 3203, 762, 15, 15, 4592, 14, 3731, 14, 3523, 15, 4565, 14, 14, 15, 4565, 15, 243, 14, 16, 14, 16, 15, 2188, 13, 2579, 14, 4642, 2, 766, 764, 4565, 762, 1827, 4299, 765, 2, 3501, 762, 958, 2, 766, 764, 3573, 762, 1791, 766, 3501, 762, 1577, 764, 15, 3573, 762, 1791, 766, 764, 3573, 762, 1791, 766, 3501, 762, 1914, 764, 15, 3573, 762, 1791, 766, 764, 15, 4565, 762, 1827, 766, 764, 15, 4565, 762, 1274, 766]"
"<?xml version=""1.0""?><permissions><read>true</read></permissions>",xxe2,Normal,"['<', '?', 'xml', 'version', '=', '""', '1', '.', '0', '""', '?', '>', '<', 'permissions', '>', '<', 'read', '>', 'true', '<', '/', 'read', '>', '<', '/', 'permissions', '>']","[764, 767, 4633, 4522, 765, 2, 243, 14, 16, 2, 767, 766, 764, 3799, 766, 764, 3913, 766, 4290, 764, 15, 3913, 766, 764, 15, 3799, 766]"
/themes/dark.css,traversal2,Normal,"['/', 'themes', '/', 'dark', '.', 'css']","[15, 4249, 15, 2800, 14, 2780]"
"{""metrics"":""normal""}",log4shell2,Normal,"['{', '""', 'metrics', '""', ':', '""', 'normal', '""', '}']","[4681, 2, 3463, 2, 762, 2, 3544, 2, 4683]"
/js/bundle.js,traversal2,Normal,"['/', 'js', '/', 'bundle', '.', 'js']","[15, 3310, 15, 2628, 14, 3310]"
Form reset,xss2,Normal,"['Form', 'reset']","[1225, 3941]"
SELECT * FROM updates WHERE status='finished';,sqli2,Normal,"['SELECT', '*', 'FROM', 'updates', 'WHERE', 'status', '=', ""'"", 'finished', ""'"", ';']","[1905, 10, 1212, 4464, 2191, 4136, 765, 7, 3041, 7, 763]"
chown root:root /etc/hosts,cmdexe2,Normal,"['chown', 'root', ':', 'root', '/', 'etc', '/', 'hosts']","[2680, 3971, 762, 3971, 15, 2965, 15, 3188]"
Logs retrieved,xss2,Normal,"['Logs', 'retrieved']","[1550, 3952]"
"{""user"":""admin"",""role"":""superuser""}",log4shell2,Normal,"['{', '""', 'user', '""', ':', '""', 'admin', '""', ',', '""', 'role', '""', ':', '""', 'superuser', '""', '}']","[4681, 2, 4476, 2, 762, 2, 2440, 2, 12, 2, 3968, 2, 762, 2, 4168, 2, 4683]"
Theme preferences stored,xss2,Normal,"['Theme', 'preferences', 'stored']","[2054, 3838, 4141]"
/files/setup.sh,traversal2,Normal,"['/', 'files', '/', 'setup', '.', 'sh']","[15, 3035, 15, 4066, 14, 4068]"
/robots.txt,traversal2,Normal,"['/', 'robots', '.', 'txt']","[15, 3966, 14, 4297]"
ps -ef | grep apache,cmdexe2,Normal,"['ps', '-', 'ef', '|', 'grep', 'apache']","[3871, 13, 2925, 4682, 3128, 2503]"
passwd -l tempuser,cmdexe2,Normal,"['passwd', '-', 'l', 'tempuser']","[3770, 13, 3332, 4232]"
"{""env"":""production"",""secure"":true}",log4shell2,Normal,"['{', '""', 'env', '""', ':', '""', 'production', '""', ',', '""', 'secure', '""', ':', 'true', '}']","[4681, 2, 2949, 2, 762, 2, 3854, 2, 12, 2, 4038, 2, 762, 4290, 4683]"
touch /tmp/monitor.txt,cmdexe2,Normal,"['touch', '/', 'tmp', '/', 'monitor', '.', 'txt']","[4282, 15, 4266, 15, 3481, 14, 4297]"
"<?xml version=""1.0""?><activity><status>recorded</status></activity>",xxe2,Normal,"['<', '?', 'xml', 'version', '=', '""', '1', '.', '0', '""', '?', '>', '<', 'activity', '>', '<', 'status', '>', 'recorded', '<', '/', 'status', '>', '<', '/', 'activity', '>']","[764, 767, 4633, 4522, 765, 2, 243, 14, 16, 2, 767, 766, 764, 2431, 766, 764, 4136, 766, 3920, 764, 15, 4136, 766, 764, 15, 2431, 766]"
"<?xml version=""1.0""?><invoice><id>7890</id></invoice>",xxe2,Normal,"['<', '?', 'xml', 'version', '=', '""', '1', '.', '0', '""', '?', '>', '<', 'invoice', '>', '<', 'id', '>', '7890', '<', '/', 'id', '>', '<', '/', 'invoice', '>']","[764, 767, 4633, 4522, 765, 2, 243, 14, 16, 2, 767, 766, 764, 3266, 766, 764, 3215, 766, 690, 764, 15, 3215, 766, 764, 15, 3266, 766]"
netstat -tulnp,cmdexe2,Normal,"['netstat', '-', 'tulnp']","[3524, 13, 4295]"
who -u,cmdexe2,Normal,"['who', '-', 'u']","[4571, 13, 4300]"
New update available,xss2,Normal,"['New', 'update', 'available']","[1667, 4460, 2559]"
service apache2 restart,cmdexe2,Normal,"['service', 'apache2', 'restart']","[4050, 2504, 3948]"
/index.php,traversal2,Normal,"['/', 'index', '.', 'php']","[15, 3234, 14, 3808]"
"{""log"":""token refresh success""}",log4shell2,Normal,"['{', '""', 'log', '""', ':', '""', 'token', 'refresh', 'success', '""', '}']","[4681, 2, 3389, 2, 762, 2, 4271, 3924, 4160, 2, 4683]"
groupadd developers,cmdexe2,Normal,"['groupadd', 'developers']","[3130, 2846]"
"{""request"":""GET /home"",""status"":200}",log4shell2,Normal,"['{', '""', 'request', '""', ':', '""', 'GET', '/', 'home', '""', ',', '""', 'status', '""', ':', '200', '}']","[4681, 2, 3936, 2, 762, 2, 1240, 15, 3181, 2, 12, 2, 4136, 2, 762, 347, 4683]"
"<?xml version=""1.0""?><invoice><paid>true</paid></invoice>",xxe2,Normal,"['<', '?', 'xml', 'version', '=', '""', '1', '.', '0', '""', '?', '>', '<', 'invoice', '>', '<', 'paid', '>', 'true', '<', '/', 'paid', '>', '<', '/', 'invoice', '>']","[764, 767, 4633, 4522, 765, 2, 243, 14, 16, 2, 767, 766, 764, 3266, 766, 764, 3756, 766, 4290, 764, 15, 3756, 766, 764, 15, 3266, 766]"
id,cmdexe2,Normal,['id'],[3215]
"{""token_validation"":""success""}",log4shell2,Normal,"['{', '""', 'token_validation', '""', ':', '""', 'success', '""', '}']","[4681, 2, 4273, 2, 762, 2, 4160, 2, 4683]"
/files/sample.tar.gz,traversal2,Normal,"['/', 'files', '/', 'sample', '.', 'tar', '.', 'gz']","[15, 3035, 15, 4003, 14, 4212, 14, 3137]"
Dark mode applied,xss2,Normal,"['Dark', 'mode', 'applied']","[1095, 3476, 2513]"
ifconfig,cmdexe2,Normal,['ifconfig'],[3221]
/reports/annual.pdf,traversal2,Normal,"['/', 'reports', '/', 'annual', '.', 'pdf']","[15, 3934, 15, 2498, 14, 3790]"
ls -l /usr/bin,cmdexe2,Normal,"['ls', '-', 'l', '/', 'usr', '/', 'bin']","[3422, 13, 3332, 15, 4493, 15, 2607]"
"{""token"":""valid"",""scope"":""read""}",log4shell2,Normal,"['{', '""', 'token', '""', ':', '""', 'valid', '""', ',', '""', 'scope', '""', ':', '""', 'read', '""', '}']","[4681, 2, 4271, 2, 762, 2, 4506, 2, 12, 2, 4022, 2, 762, 2, 3913, 2, 4683]"
/docs/readme.txt,traversal2,Normal,"['/', 'docs', '/', 'readme', '.', 'txt']","[15, 2874, 15, 3915, 14, 4297]"
SELECT NOW();,sqli2,Normal,"['SELECT', 'NOW', '(', ')', ';']","[1905, 1645, 8, 9, 763]"
/site/about.html,traversal2,Normal,"['/', 'site', '/', 'about', '.', 'html']","[15, 4084, 15, 2411, 14, 3198]"
"<?xml version=""1.0""?><session><user>admin</user></session>",xxe2,Normal,"['<', '?', 'xml', 'version', '=', '""', '1', '.', '0', '""', '?', '>', '<', 'session', '>', '<', 'user', '>', 'admin', '<', '/', 'user', '>', '<', '/', 'session', '>']","[764, 767, 4633, 4522, 765, 2, 243, 14, 16, 2, 767, 766, 764, 4055, 766, 764, 4476, 766, 2440, 764, 15, 4476, 766, 764, 15, 4055, 766]"
SELECT * FROM audit_log;,sqli2,Normal,"['SELECT', '*', 'FROM', 'audit_log', ';']","[1905, 10, 1212, 2543, 763]"
/robots.txt,traversal2,Normal,"['/', 'robots', '.', 'txt']","[15, 3966, 14, 4297]"
"<?xml version=""1.0""?><test><result>pass</result></test>",xxe2,Normal,"['<', '?', 'xml', 'version', '=', '""', '1', '.', '0', '""', '?', '>', '<', 'test', '>', '<', 'result', '>', 'pass', '<', '/', 'result', '>', '<', '/', 'test', '>']","[764, 767, 4633, 4522, 765, 2, 243, 14, 16, 2, 767, 766, 764, 4234, 766, 764, 3950, 766, 3767, 764, 15, 3950, 766, 764, 15, 4234, 766]"
/static/js/vendor.js,traversal2,Normal,"['/', 'static', '/', 'js', '/', 'vendor', '.', 'js']","[15, 4133, 15, 3310, 15, 4520, 14, 3310]"
Search loaded,xss2,Normal,"['Search', 'loaded']","[1973, 3380]"
I would like to adjust_campaign] in the system.,cmdexe2,Normal,"['I', 'would', 'like', 'to', 'adjust_campaign', ']', 'in', 'the', 'system', '.']","[1337, 4586, 3366, 4268, 2438, 2349, 3230, 4244, 4187, 14]"
"{""log"":""disk cleanup complete""}",log4shell2,Normal,"['{', '""', 'log', '""', ':', '""', 'disk', 'cleanup', 'complete', '""', '}']","[4681, 2, 3389, 2, 762, 2, 2856, 2696, 2730, 2, 4683]"
"echo ""OK""",cmdexe2,Normal,"['echo', '""', 'OK', '""']","[2909, 2, 1685, 2]"
SELECT * FROM auth_tokens;,sqli2,Normal,"['SELECT', '*', 'FROM', 'auth_tokens', ';']","[1905, 10, 1212, 2549, 763]"
Contact form sent,xss2,Normal,"['Contact', 'form', 'sent']","[1016, 3065, 4047]"
"<?xml version=""1.0""?><tool><enabled>true</enabled></tool>",xxe2,Normal,"['<', '?', 'xml', 'version', '=', '""', '1', '.', '0', '""', '?', '>', '<', 'tool', '>', '<', 'enabled', '>', 'true', '<', '/', 'enabled', '>', '<', '/', 'tool', '>']","[764, 767, 4633, 4522, 765, 2, 243, 14, 16, 2, 767, 766, 764, 4279, 766, 764, 2936, 766, 4290, 764, 15, 2936, 766, 764, 15, 4279, 766]"
Alerts cleared,xss2,Normal,"['Alerts', 'cleared']","[841, 2697]"
SELECT * FROM logs WHERE severity='info';,sqli2,Normal,"['SELECT', '*', 'FROM', 'logs', 'WHERE', 'severity', '=', ""'"", 'info', ""'"", ';']","[1905, 10, 1212, 3403, 2191, 4067, 765, 7, 3241, 7, 763]"
usermod -L tempuser,cmdexe2,Normal,"['usermod', '-', 'L', 'tempuser']","[4490, 13, 1506, 4232]"
ip link show,cmdexe2,Normal,"['ip', 'link', 'show']","[3270, 3371, 4080]"
"{""access"":""restricted"",""group"":""qa""}",log4shell2,Normal,"['{', '""', 'access', '""', ':', '""', 'restricted', '""', ',', '""', 'group', '""', ':', '""', 'qa', '""', '}']","[4681, 2, 2418, 2, 762, 2, 3949, 2, 12, 2, 3129, 2, 762, 2, 3886, 2, 4683]"
Language set to English,xss2,Normal,"['Language', 'set', 'to', 'English']","[1544, 4059, 4268, 1174]"
Backup created,xss2,Normal,"['Backup', 'created']","[915, 2776]"
in:devkey,cmdexe2,Normal,"['in', ':', 'devkey']","[3230, 762, 2847]"
/static/icons/user.svg,traversal2,Normal,"['/', 'static', '/', 'icons', '/', 'user', '.', 'svg']","[15, 4133, 15, 3214, 15, 4476, 14, 4172]"
SELECT * FROM alerts WHERE status='new';,sqli2,Normal,"['SELECT', '*', 'FROM', 'alerts', 'WHERE', 'status', '=', ""'"", 'new', ""'"", ';']","[1905, 10, 1212, 2476, 2191, 4136, 765, 7, 3525, 7, 763]"
/backup/2023.zip,traversal2,Normal,"['/', 'backup', '/', '2023', '.', 'zip']","[15, 2568, 15, 354, 14, 4675]"
"<?xml version=""1.0""?><form><submitted>true</submitted></form>",xxe2,Normal,"['<', '?', 'xml', 'version', '=', '""', '1', '.', '0', '""', '?', '>', '<', 'form', '>', '<', 'submitted', '>', 'true', '<', '/', 'submitted', '>', '<', '/', 'form', '>']","[764, 767, 4633, 4522, 765, 2, 243, 14, 16, 2, 767, 766, 764, 3065, 766, 764, 4155, 766, 4290, 764, 15, 4155, 766, 764, 15, 3065, 766]"
Alert dismissed,xss2,Normal,"['Alert', 'dismissed']","[840, 2858]"
"{""log"":""update completed""}",log4shell2,Normal,"['{', '""', 'log', '""', ':', '""', 'update', 'completed', '""', '}']","[4681, 2, 3389, 2, 762, 2, 4460, 2731, 2, 4683]"
/index.html,traversal2,Normal,"['/', 'index', '.', 'html']","[15, 3234, 14, 3198]"
"<?xml version=""1.0""?><update><version>1.2</version></update>",xxe2,Normal,"['<', '?', 'xml', 'version', '=', '""', '1', '.', '0', '""', '?', '>', '<', 'update', '>', '<', 'version', '>', '1', '.', '2', '<', '/', 'version', '>', '<', '/', 'update', '>']","[764, 767, 4633, 4522, 765, 2, 243, 14, 16, 2, 767, 766, 764, 4460, 766, 764, 4522, 766, 243, 14, 345, 764, 15, 4522, 766, 764, 15, 4460, 766]"
"{""access"":""user"",""role"":""member""}",log4shell2,Normal,"['{', '""', 'access', '""', ':', '""', 'user', '""', ',', '""', 'role', '""', ':', '""', 'member', '""', '}']","[4681, 2, 2418, 2, 762, 2, 4476, 2, 12, 2, 3968, 2, 762, 2, 3454, 2, 4683]"
Layout applied,xss2,Normal,"['Layout', 'applied']","[1545, 2513]"
/admin/login.php,traversal2,Normal,"['/', 'admin', '/', 'login', '.', 'php']","[15, 2440, 15, 3395, 14, 3808]"
SELECT status FROM tasks;,sqli2,Normal,"['SELECT', 'status', 'FROM', 'tasks', ';']","[1905, 4136, 1212, 4217, 763]"
SELECT title FROM pages;,sqli2,Normal,"['SELECT', 'title', 'FROM', 'pages', ';']","[1905, 4264, 1212, 3755, 763]"
SELECT email FROM subscribers;,sqli2,Normal,"['SELECT', 'email', 'FROM', 'subscribers', ';']","[1905, 2930, 1212, 4156, 763]"
"{""module"":""main"",""log"":""started""}",log4shell2,Normal,"['{', '""', 'module', '""', ':', '""', 'main', '""', ',', '""', 'log', '""', ':', '""', 'started', '""', '}']","[4681, 2, 3479, 2, 762, 2, 3434, 2, 12, 2, 3389, 2, 762, 2, 4130, 2, 4683]"
du -sh *,cmdexe2,Normal,"['du', '-', 'sh', '*']","[2897, 13, 4068, 10]"
"{""auth_status"":""verified""}",log4shell2,Normal,"['{', '""', 'auth_status', '""', ':', '""', 'verified', '""', '}']","[4681, 2, 2547, 2, 762, 2, 4521, 2, 4683]"
logrotate -d /etc/logrotate.conf,cmdexe2,Normal,"['logrotate', '-', 'd', '/', 'etc', '/', 'logrotate', '.', 'conf']","[3402, 13, 2793, 15, 2965, 15, 3402, 14, 2735]"
"<?xml version=""1.0""?><shipment><status>shipped</status></shipment>",xxe2,Normal,"['<', '?', 'xml', 'version', '=', '""', '1', '.', '0', '""', '?', '>', '<', 'shipment', '>', '<', 'status', '>', 'shipped', '<', '/', 'status', '>', '<', '/', 'shipment', '>']","[764, 767, 4633, 4522, 765, 2, 243, 14, 16, 2, 767, 766, 764, 4076, 766, 764, 4136, 766, 4077, 764, 15, 4136, 766, 764, 15, 4076, 766]"
/static/js/runtime.js,traversal2,Normal,"['/', 'static', '/', 'js', '/', 'runtime', '.', 'js']","[15, 4133, 15, 3310, 15, 3986, 14, 3310]"
Logs flushed,xss2,Normal,"['Logs', 'flushed']","[1550, 3053]"
"<?xml version=""1.0"" ?><GetCapabilities service=""WFS"" version=""1.0.0"" xmlns=""http://www.opengis.net/wfs"" />",xxe2,Normal,"['<', '?', 'xml', 'version', '=', '""', '1', '.', '0', '""', '?', '>', '<', 'GetCapabilities', 'service', '=', '""', 'WFS', '""', 'version', '=', '""', '1', '.', '0', '.', '0', '""', 'xmlns', '=', '""', 'http', ':', '/', '/', 'www', '.', 'opengis', '.', 'net', '/', 'wfs', '""', '/', '>']","[764, 767, 4633, 4522, 765, 2, 243, 14, 16, 2, 767, 766, 764, 1273, 4050, 765, 2, 2188, 2, 4522, 765, 2, 243, 14, 16, 14, 16, 2, 4636, 765, 2, 3203, 762, 15, 15, 4592, 14, 3731, 14, 3523, 15, 4565, 2, 15, 766]"
"Mark, 'Call me when you get to the gate and I'll come out and open it up'",sqli2,Normal,"['Mark', ',', ""'"", 'Call', 'me', 'when', 'you', 'get', 'to', 'the', 'gate', 'and', 'I', ""'"", 'll', 'come', 'out', 'and', 'open', 'it', 'up', ""'""]","[1610, 12, 7, 1006, 3452, 4568, 4668, 3101, 4268, 4244, 3098, 2492, 1337, 7, 3375, 2725, 3743, 2492, 3729, 3280, 4459, 7]"
"<?xml version=""1.0""?><setting><changed>true</changed></setting>",xxe2,Normal,"['<', '?', 'xml', 'version', '=', '""', '1', '.', '0', '""', '?', '>', '<', 'setting', '>', '<', 'changed', '>', 'true', '<', '/', 'changed', '>', '<', '/', 'setting', '>']","[764, 767, 4633, 4522, 765, 2, 243, 14, 16, 2, 767, 766, 764, 4063, 766, 764, 2670, 766, 4290, 764, 15, 2670, 766, 764, 15, 4063, 766]"
tail -f /var/log/nginx/access.log,cmdexe2,Normal,"['tail', '-', 'f', '/', 'var', '/', 'log', '/', 'nginx', '/', 'access', '.', 'log']","[4210, 13, 3002, 15, 4514, 15, 3389, 15, 3532, 15, 2418, 14, 3389]"
Session ended,xss2,Normal,"['Session', 'ended']","[1977, 2942]"
I would like to keep alive the parameter 75oBC.,cmdexe2,Normal,"['I', 'would', 'like', 'to', 'keep', 'alive', 'the', 'parameter', '75oBC', '.']","[1337, 4586, 3366, 4268, 3322, 2479, 4244, 3760, 685, 14]"
"echo ""Ready""",cmdexe2,Normal,"['echo', '""', 'Ready', '""']","[2909, 2, 1884, 2]"
/images/bg.jpg,traversal2,Normal,"['/', 'images', '/', 'bg', '.', 'jpg']","[15, 3226, 15, 2602, 14, 3308]"
"{""log"":""heartbeat OK""}",log4shell2,Normal,"['{', '""', 'log', '""', ':', '""', 'heartbeat', 'OK', '""', '}']","[4681, 2, 3389, 2, 762, 2, 3163, 1685, 2, 4683]"
"<?xml version=""1.0""?><flag><enabled>true</enabled></flag>",xxe2,Normal,"['<', '?', 'xml', 'version', '=', '""', '1', '.', '0', '""', '?', '>', '<', 'flag', '>', '<', 'enabled', '>', 'true', '<', '/', 'enabled', '>', '<', '/', 'flag', '>']","[764, 767, 4633, 4522, 765, 2, 243, 14, 16, 2, 767, 766, 764, 3047, 766, 764, 2936, 766, 4290, 764, 15, 2936, 766, 764, 15, 3047, 766]"
exec noun,cmdexe2,Normal,"['exec', 'noun']","[2981, 3553]"
